time,total_cell_count,avg_radial_distance,max_radial_distance,min_radial_distance,std_dev_radial_distance,median_radial_distance,phenotype_counts_G_SPECIALIST,phenotype_counts_L_SPECIALIST,phenotype_counts_SWITCHING_GL,frontier_lag_G_to_L_count_at_transition_nutrient,frontier_lag_G_to_L_remaining_lag_times_at_transition,frontier_lag_G_to_L_avg_remaining_lag_at_transition,frontier_lag_G_to_L_inherent_T_lags_GL_at_transition,frontier_lag_G_to_L_avg_inherent_T_lag_at_transition,frontier_traits_count_frontier_cells,frontier_traits_frontier_inherent_growth_rates_G,frontier_traits_avg_frontier_growth_rate_G,frontier_traits_frontier_inherent_T_lags_GL,frontier_traits_avg_frontier_T_lag_GL
0.0,5,1.3856406460551018,1.7320508075688772,0.0,0.6928203230275509,1.7320508075688772,5,0,0,0,[],0.0,[],0.0,4,"[0.1, 0.1, 0.1, 0.5]",0.2,"[5.0, 5.0, 5.0, 21.0]",9.0
0.9999999999999999,9,2.241225884786193,4.58257569495584,0.0,1.2820191886360413,1.7320508075688772,9,0,0,0,[],0.0,[],0.0,1,[0.1],0.1,[5.0],5.0
2.0000000000000004,14,2.6915579920219344,5.196152422706632,0.0,1.4034960954233417,2.3660254037844384,14,0,0,0,[],0.0,[],0.0,1,[0.5],0.5,[21.0],21.0
3.0000000000000013,20,3.266847963750778,6.244997998398398,0.0,1.6363692681474422,3.0,20,0,0,0,[],0.0,[],0.0,2,"[0.1, 0.1]",0.1,"[5.0, 5.0]",5.0
4.000000000000002,24,3.418495442623064,6.244997998398398,0.0,1.5616942430467433,3.4641016151377544,24,0,0,0,[],0.0,[],0.0,2,"[0.1, 0.1]",0.1,"[5.0, 5.0]",5.0
4.999999999999998,32,3.9591861711640424,7.937253933193772,0.0,1.8319647545909314,3.4641016151377544,32,0,0,0,[],0.0,[],0.0,1,[0.5],0.5,[21.0],21.0
5.999999999999995,39,4.398165363261993,7.937253933193772,0.0,1.990937905886271,4.58257569495584,39,0,0,0,[],0.0,[],0.0,4,"[0.5, 0.1, 0.5, 0.5]",0.4,"[21.0, 5.0, 21.0, 21.0]",17.0
6.999999999999991,48,5.0341543982353985,11.357816691600547,0.0,2.3785057272849253,4.582575694955841,48,0,0,0,[],0.0,[],0.0,1,[0.5],0.5,[21.0],21.0
7.999999999999988,53,5.1859740080683725,11.357816691600547,0.0,2.377570903035285,5.196152422706632,53,0,0,0,[],0.0,[],0.0,1,[0.5],0.5,[21.0],21.0
8.999999999999984,59,5.477321850076519,11.357816691600547,0.0,2.510782765680264,5.196152422706632,59,0,0,0,[],0.0,[],0.0,3,"[0.5, 0.1, 0.1]",0.2333333333333333,"[21.0, 5.0, 5.0]",10.333333333333334
9.99999999999998,76,6.175374058900341,14.177446878757825,0.0,3.0059620530272295,6.0,76,0,0,0,[],0.0,[],0.0,3,"[0.5, 0.1, 0.5]",0.3666666666666667,"[21.0, 5.0, 21.0]",15.666666666666666
10.999999999999977,88,6.793463701905682,15.394804318340652,0.0,3.324664853099542,6.244997998398398,88,0,0,0,[],0.0,[],0.0,3,"[0.1, 0.1, 0.5]",0.2333333333333333,"[5.0, 5.0, 21.0]",10.333333333333334
11.999999999999973,101,7.193231087145077,17.05872210923198,0.0,3.552993549191025,6.244997998398398,101,0,0,0,[],0.0,[],0.0,3,"[0.5, 0.1, 0.5]",0.3666666666666667,"[21.0, 5.0, 21.0]",15.666666666666666
12.99999999999997,118,7.637221647656729,17.05872210923198,0.0,3.638769313206447,7.54983443527075,118,0,0,0,[],0.0,[],0.0,4,"[0.5, 0.1, 0.5, 0.1]",0.30000000000000004,"[21.0, 5.0, 21.0, 5.0]",13.0
13.999999999999966,133,7.901691293070465,17.05872210923198,0.0,3.5540039226127345,7.54983443527075,133,0,0,0,[],0.0,[],0.0,4,"[0.5, 0.1, 0.5, 0.1]",0.30000000000000004,"[21.0, 5.0, 21.0, 5.0]",13.0
14.999999999999963,150,8.291984070626677,17.05872210923198,0.0,3.6335932866067266,7.937253933193772,150,0,0,0,[],0.0,[],0.0,4,"[0.1, 0.5, 0.1, 0.5]",0.3,"[5.0, 21.0, 5.0, 21.0]",13.0
15.99999999999996,165,8.669828236213325,18.734993995195193,0.0,3.8183154531825547,8.660254037844387,165,0,0,0,[],0.0,[],0.0,3,"[0.5, 0.5, 0.1]",0.3666666666666667,"[21.0, 21.0, 5.0]",15.666666666666666
16.99999999999997,182,9.165182767082188,19.974984355438178,0.0,4.061948405135115,9.082575694955839,182,0,0,0,[],0.0,[],0.0,4,"[0.5, 0.5, 0.5, 0.5]",0.5,"[21.0, 21.0, 21.0, 21.0]",21.0
17.999999999999986,198,9.594656353004895,19.974984355438178,0.0,4.234078170344906,9.16515138991168,198,0,0,0,[],0.0,[],0.0,6,"[0.5, 0.5, 0.5, 0.5, 0.1, 0.5]",0.43333333333333335,"[21.0, 21.0, 21.0, 21.0, 5.0, 21.0]",18.333333333333332
19.0,211,9.898787153874926,21.283796653792763,0.0,4.353979885617993,9.643650760992955,211,0,0,0,[],0.0,[],0.0,5,"[0.5, 0.1, 0.5, 0.1, 0.1]",0.26000000000000006,"[21.0, 5.0, 21.0, 5.0, 5.0]",11.4
20.000000000000014,229,10.144668593560926,21.283796653792763,0.0,4.317945239565237,10.392304845413264,229,0,0,0,[],0.0,[],0.0,5,"[0.5, 0.1, 0.5, 0.1, 0.1]",0.26000000000000006,"[21.0, 5.0, 21.0, 5.0, 5.0]",11.4
21.00000000000003,252,10.460478602667147,21.283796653792763,0.0,4.343282363473169,10.535653752852738,252,0,0,0,[],0.0,[],0.0,7,"[0.5, 0.1, 0.5, 0.1, 0.1, 0.5, 0.1]",0.27142857142857146,"[21.0, 5.0, 21.0, 5.0, 5.0, 21.0, 5.0]",11.857142857142858
22.000000000000043,284,11.180623987881898,24.24871130596428,0.0,4.80543845979695,10.816653826391969,284,0,0,0,[],0.0,[],0.0,7,"[0.5, 0.5, 0.5, 0.5, 0.1, 0.1, 0.1]",0.3285714285714286,"[21.0, 21.0, 21.0, 21.0, 5.0, 5.0, 5.0]",14.142857142857142
23.000000000000057,311,11.726246933060107,27.2213151776324,0.0,5.097123052421066,11.357816691600547,311,0,0,0,[],0.0,[],0.0,3,"[0.5, 0.1, 0.5]",0.3666666666666667,"[21.0, 5.0, 21.0]",15.666666666666666
24.00000000000007,333,12.15906733659764,27.2213151776324,0.0,5.283354830109472,12.12435565298214,333,0,0,0,[],0.0,[],0.0,5,"[0.5, 0.1, 0.5, 0.1, 0.1]",0.26000000000000006,"[21.0, 5.0, 21.0, 5.0, 5.0]",11.4
25.000000000000085,351,12.366795893088499,27.874719729532707,0.0,5.331166260553475,12.12435565298214,351,0,0,0,[],0.0,[],0.0,6,"[0.5, 0.1, 0.5, 0.1, 0.1, 0.1]",0.2333333333333334,"[21.0, 5.0, 21.0, 5.0, 5.0, 5.0]",10.333333333333334
26.0000000000001,377,12.874051422527366,27.874719729532707,0.0,5.633258473665931,12.489995996796797,377,0,0,0,[],0.0,[],0.0,8,"[0.5, 0.1, 0.1, 0.1, 0.5, 0.1, 0.1, 0.1]",0.2,"[21.0, 5.0, 5.0, 5.0, 21.0, 5.0, 5.0, 5.0]",9.0
27.000000000000114,404,13.322203674691416,29.444863728670914,0.0,5.80833117446111,13.30222304454535,404,0,0,0,[],0.0,[],0.0,7,"[0.5, 0.1, 0.1, 0.1, 0.5, 0.1, 0.1]",0.21428571428571427,"[21.0, 5.0, 5.0, 5.0, 21.0, 5.0, 5.0]",9.571428571428571
28.000000000000128,443,13.799366236275777,29.597297173897484,0.0,5.926721202191736,13.747727084867519,443,0,0,0,[],0.0,[],0.0,9,"[0.5, 0.1, 0.1, 0.1, 0.5, 0.1, 0.1, 0.1, 0.5]",0.23333333333333334,"[21.0, 5.0, 5.0, 5.0, 21.0, 5.0, 5.0, 5.0, 21.0]",10.333333333333334
29.000000000000142,479,14.226329395402427,29.597297173897484,0.0,5.988669429585264,14.177446878757824,479,0,0,0,[],0.0,[],0.0,10,"[0.5, 0.1, 0.1, 0.5, 0.1, 0.1, 0.1, 0.5, 0.1, 0.5]",0.26,"[21.0, 5.0, 5.0, 21.0, 5.0, 5.0, 5.0, 21.0, 5.0, 21.0]",11.4
30.000000000000156,514,14.730993026722459,30.643106892089126,0.0,6.1755908436088855,14.798648586948742,514,0,0,0,[],0.0,[],0.0,8,"[0.1, 0.1, 0.5, 0.1, 0.5, 0.5, 0.5, 0.5]",0.35,"[5.0, 5.0, 21.0, 5.0, 21.0, 21.0, 21.0, 21.0]",15.0
31.00000000000017,540,15.114979369150168,32.357379374726875,0.0,6.344171323449253,15.099668870541498,540,0,0,0,[],0.0,[],0.0,7,"[0.1, 0.5, 0.5, 0.5, 0.1, 0.1, 0.1]",0.27142857142857146,"[5.0, 21.0, 21.0, 21.0, 5.0, 5.0, 5.0]",11.857142857142858
32.000000000000185,566,15.415550507687387,32.357379374726875,0.0,6.430412260362893,15.394804318340652,566,0,0,0,[],0.0,[],0.0,8,"[0.5, 0.5, 0.1, 0.1, 0.1, 0.5, 0.5, 0.5]",0.35,"[21.0, 21.0, 5.0, 5.0, 5.0, 21.0, 21.0, 21.0]",15.0
33.0000000000002,607,15.95632065594015,33.80828300875393,0.0,6.656464261343576,15.874507866387544,607,0,0,0,[],0.0,[],0.0,8,"[0.1, 0.5, 0.5, 0.5, 0.5, 0.5, 0.5, 0.5]",0.45,"[5.0, 21.0, 21.0, 21.0, 21.0, 21.0, 21.0, 21.0]",19.0
34.00000000000021,648,16.41218231960873,34.597687784012386,0.0,6.781066590184407,16.522711641858304,648,0,0,0,[],0.0,[],0.0,10,"[0.5, 0.5, 0.5, 0.5, 0.5, 0.5, 0.5, 0.1, 0.1, 0.1]",0.38,"[21.0, 21.0, 21.0, 21.0, 21.0, 21.0, 21.0, 5.0, 5.0, 5.0]",16.2
35.00000000000023,690,16.93237057101733,35.53871128783372,0.0,7.00925170431493,17.05872210923198,690,0,0,0,[],0.0,[],0.0,10,"[0.5, 0.1, 0.1, 0.1, 0.1, 0.5, 0.1, 0.1, 0.1, 0.1]",0.18000000000000002,"[21.0, 5.0, 5.0, 5.0, 5.0, 21.0, 5.0, 5.0, 5.0, 5.0]",8.2
36.00000000000024,736,17.39178053275927,35.53871128783372,0.0,7.087871783693244,17.578395831246947,736,0,0,0,[],0.0,[],0.0,11,"[0.5, 0.1, 0.1, 0.1, 0.1, 0.5, 0.1, 0.1, 0.1, 0.1, 0.5]",0.2090909090909091,"[21.0, 5.0, 5.0, 5.0, 5.0, 21.0, 5.0, 5.0, 5.0, 5.0, 21.0]",9.363636363636363
37.000000000000256,779,17.837642080433866,36.49657518178932,0.0,7.214362278454649,18.083141320025128,779,0,0,0,[],0.0,[],0.0,11,"[0.1, 0.1, 0.1, 0.1, 0.1, 0.1, 0.1, 0.1, 0.1, 0.5, 0.1]",0.13636363636363635,"[5.0, 5.0, 5.0, 5.0, 5.0, 5.0, 5.0, 5.0, 5.0, 21.0, 5.0]",6.454545454545454
38.00000000000027,827,18.328692526912718,37.5099986670221,0.0,7.361113719226766,18.330302779823363,827,0,0,0,[],0.0,[],0.0,11,"[0.1, 0.1, 0.1, 0.1, 0.1, 0.1, 0.1, 0.5, 0.1, 0.1, 0.1]",0.1363636363636364,"[5.0, 5.0, 5.0, 5.0, 5.0, 5.0, 5.0, 21.0, 5.0, 5.0, 5.0]",6.454545454545454
39.000000000000284,869,18.728260568500538,38.22302970723278,0.0,7.486252112562553,19.05255888325765,869,0,0,0,[],0.0,[],0.0,13,"[0.1, 0.1, 0.1, 0.1, 0.1, 0.1, 0.1, 0.1, 0.1, 0.5, 0.1, 0.1, 0.1]",0.13076923076923078,"[5.0, 5.0, 5.0, 5.0, 5.0, 5.0, 5.0, 5.0, 5.0, 21.0, 5.0, 5.0, 5.0]",6.230769230769231
40.0000000000003,916,19.13439521082171,38.22302970723278,0.0,7.569937860867358,19.519221295943137,916,0,0,0,[],0.0,[],0.0,13,"[0.1, 0.1, 0.1, 0.1, 0.1, 0.1, 0.1, 0.5, 0.1, 0.1, 0.1, 0.1, 0.5]",0.16153846153846158,"[5.0, 5.0, 5.0, 5.0, 5.0, 5.0, 5.0, 21.0, 5.0, 5.0, 5.0, 5.0, 21.0]",7.461538461538462
41.00000000000031,955,19.514387386696722,39.68626966596886,0.0,7.727302117229348,19.974984355438178,955,0,0,0,[],0.0,[],0.0,10,"[0.1, 0.1, 0.5, 0.1, 0.1, 0.5, 0.5, 0.5, 0.5, 0.5]",0.34,"[5.0, 5.0, 21.0, 5.0, 5.0, 21.0, 21.0, 21.0, 21.0, 21.0]",14.6
42.00000000000033,991,19.88785987855088,41.38840417314975,0.0,7.8915947434226315,19.974984355438178,988,0,3,3,"[4.200000000000003, 4.500000000000002, 4.600000000000001]",4.433333333333335,"[5.0, 5.0, 5.0]",5.0,11,"[0.1, 0.5, 0.1, 0.5, 0.5, 0.5, 0.5, 0.1, 0.5, 0.1, 0.1]",0.3181818181818182,"[5.0, 21.0, 5.0, 21.0, 21.0, 21.0, 21.0, 5.0, 21.0, 5.0, 5.0]",13.727272727272727
43.00000000000034,1044,20.426690783458834,41.38840417314975,0.0,8.104402391275778,21.0,1040,0,4,4,"[3.200000000000003, 3.500000000000003, 3.600000000000003, 4.100000000000003]",3.600000000000003,"[5.0, 5.0, 5.0, 5.0]",5.0,14,"[0.1, 0.5, 0.1, 0.5, 0.5, 0.1, 0.1, 0.1, 0.1, 0.1, 0.5, 0.1, 0.5, 0.5]",0.27142857142857146,"[5.0, 21.0, 5.0, 21.0, 21.0, 5.0, 5.0, 5.0, 5.0, 5.0, 21.0, 5.0, 21.0, 21.0]",11.857142857142858
44.000000000000355,1100,20.902660957218913,41.38840417314975,0.0,8.215763196901191,21.283796653792763,1095,0,5,5,"[2.200000000000002, 2.500000000000002, 2.6000000000000023, 3.1000000000000028, 4.9]",3.060000000000002,"[5.0, 5.0, 5.0, 5.0, 5.0]",5.0,15,"[0.5, 0.1, 0.5, 0.5, 0.1, 0.1, 0.1, 0.1, 0.1, 0.5, 0.5, 0.5, 0.1, 0.5, 0.5]",0.31333333333333335,"[21.0, 5.0, 21.0, 21.0, 5.0, 5.0, 5.0, 5.0, 5.0, 21.0, 21.0, 21.0, 5.0, 21.0, 21.0]",13.533333333333333
45.00000000000037,1148,21.31782495156275,41.38840417314975,0.0,8.339005653716564,21.702534414210707,1141,0,7,7,"[1.200000000000001, 1.5000000000000013, 1.6000000000000014, 2.100000000000002, 3.9000000000000035, 4.3000000000000025, 20.599999999999994]",5.028571428571429,"[5.0, 5.0, 5.0, 5.0, 5.0, 5.0, 21.0]",7.285714285714286,16,"[0.5, 0.1, 0.1, 0.1, 0.1, 0.1, 0.5, 0.5, 0.5, 0.1, 0.5, 0.5, 0.1, 0.5, 0.5, 0.5]",0.32499999999999996,"[21.0, 5.0, 5.0, 5.0, 5.0, 5.0, 21.0, 21.0, 21.0, 5.0, 21.0, 21.0, 5.0, 21.0, 21.0, 21.0]",14.0
46.000000000000384,1186,21.65204863072839,41.38840417314975,0.0,8.44244001845758,22.11334438749598,1179,0,7,7,"[0.20000000000000104, 0.500000000000001, 0.600000000000001, 1.100000000000001, 2.9000000000000026, 3.300000000000003, 19.59999999999998]",4.028571428571427,"[5.0, 5.0, 5.0, 5.0, 5.0, 5.0, 21.0]",7.285714285714286,20,"[0.5, 0.1, 0.1, 0.1, 0.1, 0.1, 0.5, 0.5, 0.5, 0.1, 0.5, 0.5, 0.1, 0.5, 0.5, 0.1, 0.1, 0.1, 0.5, 0.5]",0.3,"[21.0, 5.0, 5.0, 5.0, 5.0, 5.0, 21.0, 21.0, 21.0, 5.0, 21.0, 21.0, 5.0, 21.0, 21.0, 5.0, 5.0, 5.0, 21.0, 21.0]",13.0
47.0000000000004,1249,22.20641276450747,41.38840417314975,0.0,8.629374532981995,22.64950330581225,1240,3,6,6,"[0.10000000000000103, 1.9000000000000017, 2.300000000000002, 18.599999999999966, 4.600000000000001, 4.700000000000001]",5.366666666666663,"[5.0, 5.0, 5.0, 21.0, 5.0, 5.0]",7.666666666666667,28,"[0.1, 0.1, 0.1, 0.1, 0.1, 0.5, 0.1, 0.5, 0.1, 0.5, 0.1, 0.1, 0.1, 0.5, 0.5, 0.5, 0.1, 0.5, 0.1, 0.1, 0.5, 0.1, 0.1, 0.5, 0.1, 0.5, 0.1, 0.5]",0.2571428571428571,"[5.0, 5.0, 5.0, 5.0, 5.0, 21.0, 5.0, 21.0, 5.0, 21.0, 5.0, 5.0, 5.0, 21.0, 21.0, 21.0, 5.0, 21.0, 5.0, 5.0, 21.0, 5.0, 5.0, 21.0, 5.0, 21.0, 5.0, 21.0]",11.285714285714286
48.00000000000041,1306,22.676905761316508,41.60528812542944,0.0,8.76338950568544,23.302360395462088,1293,4,9,9,"[0.9000000000000009, 1.3000000000000012, 17.59999999999995, 3.600000000000003, 3.7000000000000033, 20.29999999999999, 4.400000000000002, 20.699999999999996, 4.800000000000001]",8.588888888888881,"[5.0, 5.0, 21.0, 5.0, 5.0, 21.0, 5.0, 21.0, 5.0]",10.333333333333334,30,"[0.1, 0.1, 0.1, 0.1, 0.1, 0.5, 0.1, 0.5, 0.5, 0.5, 0.5, 0.1, 0.1, 0.1, 0.5, 0.1, 0.1, 0.5, 0.1, 0.5, 0.1, 0.5, 0.5, 0.1, 0.5, 0.1, 0.5, 0.1, 0.1, 0.5]",0.2733333333333333,"[5.0, 5.0, 5.0, 5.0, 5.0, 21.0, 5.0, 21.0, 21.0, 21.0, 21.0, 5.0, 5.0, 5.0, 21.0, 5.0, 5.0, 21.0, 5.0, 21.0, 5.0, 21.0, 21.0, 5.0, 21.0, 5.0, 21.0, 5.0, 5.0, 21.0]",11.933333333333334
49.000000000000426,1360,23.097488813638524,42.0,0.0,8.89192356138368,23.811761799581316,1341,6,13,13,"[0.30000000000000104, 16.599999999999937, 2.6000000000000023, 2.7000000000000024, 19.299999999999976, 3.400000000000003, 19.69999999999998, 3.8000000000000034, 20.099999999999987, 4.100000000000003, 20.499999999999993, 20.599999999999994, 20.599999999999994]",11.869230769230759,"[5.0, 21.0, 5.0, 5.0, 21.0, 5.0, 21.0, 5.0, 21.0, 5.0, 21.0, 21.0, 21.0]",13.615384615384615,32,"[0.1, 0.1, 0.1, 0.1, 0.1, 0.5, 0.5, 0.1, 0.1, 0.1, 0.1, 0.5, 0.1, 0.5, 0.5, 0.5, 0.1, 0.5, 0.1, 0.5, 0.1, 0.1, 0.5, 0.1, 0.5, 0.5, 0.5, 0.5, 0.5, 0.5, 0.5, 0.5]",0.3125,"[5.0, 5.0, 5.0, 5.0, 5.0, 21.0, 21.0, 5.0, 5.0, 5.0, 5.0, 21.0, 5.0, 21.0, 21.0, 21.0, 5.0, 21.0, 5.0, 21.0, 5.0, 5.0, 21.0, 5.0, 21.0, 21.0, 21.0, 21.0, 21.0, 21.0, 21.0, 21.0]",13.5
50.00000000000044,1419,23.54383710516032,42.532340636273474,0.0,9.002618641234495,24.24871130596428,1397,8,14,14,"[15.599999999999932, 1.6000000000000014, 1.7000000000000015, 18.29999999999996, 2.400000000000002, 18.699999999999967, 2.8000000000000025, 19.099999999999973, 3.1000000000000028, 19.49999999999998, 19.59999999999998, 19.59999999999998, 20.799999999999997, 4.9]",11.978571428571414,"[21.0, 5.0, 5.0, 21.0, 5.0, 21.0, 5.0, 21.0, 5.0, 21.0, 21.0, 21.0, 21.0, 5.0]",14.142857142857142,37,"[0.1, 0.1, 0.1, 0.1, 0.1, 0.5, 0.1, 0.1, 0.1, 0.1, 0.1, 0.5, 0.5, 0.1, 0.5, 0.1, 0.5, 0.1, 0.1, 0.5, 0.1, 0.5, 0.5, 0.5, 0.5, 0.5, 0.5, 0.5, 0.1, 0.1, 0.1, 0.5, 0.5, 0.1, 0.1, 0.1, 0.1]",0.26216216216216215,"[5.0, 5.0, 5.0, 5.0, 5.0, 21.0, 5.0, 5.0, 5.0, 5.0, 5.0, 21.0, 21.0, 5.0, 21.0, 5.0, 21.0, 5.0, 5.0, 21.0, 5.0, 21.0, 21.0, 21.0, 21.0, 21.0, 21.0, 21.0, 5.0, 5.0, 5.0, 21.0, 21.0, 5.0, 5.0, 5.0, 5.0]",11.486486486486486
51.000000000000455,1464,23.800366388748657,42.532340636273474,0.0,9.009645237316882,24.43358344574123,1441,8,15,15,"[14.599999999999936, 0.600000000000001, 0.700000000000001, 17.299999999999947, 1.4000000000000012, 17.699999999999953, 1.8000000000000016, 18.09999999999996, 2.100000000000002, 18.499999999999964, 18.599999999999966, 18.599999999999966, 19.799999999999983, 3.9000000000000035, 20.39999999999999]",11.606666666666646,"[21.0, 5.0, 5.0, 21.0, 5.0, 21.0, 5.0, 21.0, 5.0, 21.0, 21.0, 21.0, 21.0, 5.0, 21.0]",14.6,42,"[0.1, 0.1, 0.1, 0.1, 0.1, 0.5, 0.1, 0.1, 0.1, 0.1, 0.1, 0.5, 0.5, 0.1, 0.5, 0.1, 0.5, 0.1, 0.1, 0.5, 0.1, 0.5, 0.5, 0.5, 0.5, 0.5, 0.5, 0.5, 0.1, 0.1, 0.1, 0.5, 0.5, 0.1, 0.1, 0.1, 0.1, 0.5, 0.5, 0.5, 0.5, 0.1]",0.28095238095238095,"[5.0, 5.0, 5.0, 5.0, 5.0, 21.0, 5.0, 5.0, 5.0, 5.0, 5.0, 21.0, 21.0, 5.0, 21.0, 5.0, 21.0, 5.0, 5.0, 21.0, 5.0, 21.0, 21.0, 21.0, 21.0, 21.0, 21.0, 21.0, 5.0, 5.0, 5.0, 21.0, 21.0, 5.0, 5.0, 5.0, 5.0, 21.0, 21.0, 21.0, 21.0, 5.0]",12.238095238095237
52.00000000000047,1509,24.11413134180919,42.532340636273474,0.0,9.077954948745166,24.979991993593593,1483,10,16,16,"[13.59999999999994, 16.299999999999933, 0.400000000000001, 16.69999999999994, 0.8000000000000009, 17.099999999999945, 1.100000000000001, 17.49999999999995, 17.59999999999995, 17.59999999999995, 18.79999999999997, 2.9000000000000026, 19.399999999999977, 4.200000000000003, 4.400000000000002, 20.9]",11.831249999999972,"[21.0, 21.0, 5.0, 21.0, 5.0, 21.0, 5.0, 21.0, 21.0, 21.0, 21.0, 5.0, 21.0, 5.0, 5.0, 21.0]",15.0,49,"[0.1, 0.1, 0.1, 0.1, 0.1, 0.5, 0.1, 0.1, 0.1, 0.1, 0.1, 0.5, 0.5, 0.1, 0.5, 0.1, 0.5, 0.1, 0.1, 0.5, 0.5, 0.5, 0.5, 0.5, 0.5, 0.5, 0.5, 0.1, 0.1, 0.1, 0.5, 0.5, 0.1, 0.1, 0.1, 0.1, 0.5, 0.5, 0.5, 0.5, 0.1, 0.1, 0.5, 0.1, 0.1, 0.5, 0.5, 0.5, 0.5]",0.2959183673469388,"[5.0, 5.0, 5.0, 5.0, 5.0, 21.0, 5.0, 5.0, 5.0, 5.0, 5.0, 21.0, 21.0, 5.0, 21.0, 5.0, 21.0, 5.0, 5.0, 21.0, 21.0, 21.0, 21.0, 21.0, 21.0, 21.0, 21.0, 5.0, 5.0, 5.0, 21.0, 21.0, 5.0, 5.0, 5.0, 5.0, 21.0, 21.0, 21.0, 21.0, 5.0, 5.0, 21.0, 5.0, 5.0, 21.0, 21.0, 21.0, 21.0]",12.83673469387755
53.00000000000048,1548,24.43641503575874,45.39823785126467,0.0,9.205407496514674,25.514701644346147,1513,14,21,13,"[15.299999999999933, 15.699999999999932, 16.09999999999993, 16.499999999999936, 16.599999999999937, 17.799999999999955, 18.399999999999963, 3.400000000000003, 20.699999999999996, 4.700000000000001, 4.800000000000001, 20.9, 5.0]",13.530769230769199,"[21.0, 21.0, 21.0, 21.0, 21.0, 21.0, 21.0, 5.0, 21.0, 5.0, 5.0, 21.0, 5.0]",16.076923076923077,19,"[0.1, 0.1, 0.5, 0.5, 0.5, 0.5, 0.5, 0.5, 0.5, 0.1, 0.5, 0.1, 0.1, 0.1, 0.5, 0.1, 0.1, 0.5, 0.1]",0.31052631578947365,"[5.0, 5.0, 21.0, 21.0, 21.0, 21.0, 21.0, 21.0, 21.0, 5.0, 21.0, 5.0, 5.0, 5.0, 21.0, 5.0, 5.0, 21.0, 5.0]",13.421052631578947
54.0000000000005,1598,24.757411041492567,45.39823785126467,0.0,9.258687238813149,25.632011235952593,1556,16,26,14,"[14.299999999999937, 14.699999999999935, 15.099999999999934, 15.499999999999932, 15.599999999999932, 16.79999999999994, 17.39999999999995, 2.400000000000002, 19.69999999999998, 3.7000000000000033, 3.8000000000000034, 19.899999999999984, 4.0000000000000036, 20.19999999999999]",13.078571428571395,"[21.0, 21.0, 21.0, 21.0, 21.0, 21.0, 21.0, 5.0, 21.0, 5.0, 5.0, 21.0, 5.0, 21.0]",16.428571428571427,20,"[0.1, 0.5, 0.5, 0.5, 0.5, 0.5, 0.5, 0.5, 0.1, 0.5, 0.1, 0.1, 0.1, 0.5, 0.1, 0.1, 0.5, 0.1, 0.5, 0.5]",0.33999999999999997,"[5.0, 21.0, 21.0, 21.0, 21.0, 21.0, 21.0, 21.0, 5.0, 21.0, 5.0, 5.0, 5.0, 21.0, 5.0, 5.0, 21.0, 5.0, 21.0, 21.0]",14.6
55.00000000000051,1649,25.08647186898082,45.39823785126467,0.0,9.320714627215157,26.15339366124404,1600,18,31,14,"[13.29999999999994, 13.699999999999939, 14.099999999999937, 14.499999999999936, 14.599999999999936, 15.799999999999931, 16.399999999999935, 1.4000000000000012, 18.699999999999967, 2.7000000000000024, 2.8000000000000025, 18.89999999999997, 3.0000000000000027, 19.199999999999974]",12.07857142857139,"[21.0, 21.0, 21.0, 21.0, 21.0, 21.0, 21.0, 5.0, 21.0, 5.0, 5.0, 21.0, 5.0, 21.0]",16.428571428571427,21,"[0.1, 0.5, 0.5, 0.5, 0.5, 0.5, 0.5, 0.5, 0.1, 0.5, 0.1, 0.1, 0.1, 0.5, 0.1, 0.1, 0.5, 0.1, 0.5, 0.5, 0.5]",0.34761904761904755,"[5.0, 21.0, 21.0, 21.0, 21.0, 21.0, 21.0, 21.0, 5.0, 21.0, 5.0, 5.0, 5.0, 21.0, 5.0, 5.0, 21.0, 5.0, 21.0, 21.0, 21.0]",14.904761904761905
56.000000000000526,1682,25.276945851608364,45.39823785126467,0.0,9.340049871469695,26.210684844162312,1629,19,34,15,"[12.299999999999944, 12.699999999999942, 13.099999999999941, 13.49999999999994, 13.59999999999994, 14.799999999999935, 15.399999999999933, 0.400000000000001, 17.699999999999953, 1.7000000000000015, 1.8000000000000016, 17.899999999999956, 2.0000000000000018, 18.19999999999996, 4.600000000000001]",10.646666666666627,"[21.0, 21.0, 21.0, 21.0, 21.0, 21.0, 21.0, 5.0, 21.0, 5.0, 5.0, 21.0, 5.0, 21.0, 5.0]",15.666666666666666,23,"[0.1, 0.5, 0.5, 0.5, 0.5, 0.5, 0.5, 0.5, 0.1, 0.5, 0.1, 0.1, 0.1, 0.5, 0.1, 0.1, 0.5, 0.1, 0.5, 0.5, 0.5, 0.1, 0.1]",0.3260869565217391,"[5.0, 21.0, 21.0, 21.0, 21.0, 21.0, 21.0, 21.0, 5.0, 21.0, 5.0, 5.0, 5.0, 21.0, 5.0, 5.0, 21.0, 5.0, 21.0, 21.0, 21.0, 5.0, 5.0]",14.043478260869565
57.00000000000054,1719,25.509354367753282,45.39823785126467,0.0,9.384489930662786,26.8886593194975,1662,23,34,15,"[11.299999999999947, 11.699999999999946, 12.099999999999945, 12.499999999999943, 12.599999999999943, 13.799999999999939, 14.399999999999936, 16.69999999999994, 0.700000000000001, 0.8000000000000009, 16.89999999999994, 1.0000000000000009, 17.199999999999946, 3.600000000000003, 21.0]",11.086666666666627,"[21.0, 21.0, 21.0, 21.0, 21.0, 21.0, 21.0, 21.0, 5.0, 5.0, 21.0, 5.0, 21.0, 5.0, 21.0]",16.733333333333334,26,"[0.1, 0.5, 0.5, 0.5, 0.5, 0.5, 0.5, 0.5, 0.1, 0.5, 0.1, 0.1, 0.1, 0.5, 0.1, 0.1, 0.5, 0.1, 0.5, 0.5, 0.5, 0.1, 0.1, 0.1, 0.5, 0.5]",0.33076923076923076,"[5.0, 21.0, 21.0, 21.0, 21.0, 21.0, 21.0, 21.0, 5.0, 21.0, 5.0, 5.0, 5.0, 21.0, 5.0, 5.0, 21.0, 5.0, 21.0, 21.0, 21.0, 5.0, 5.0, 5.0, 21.0, 21.0]",14.23076923076923
58.000000000000554,1752,25.713351901631857,45.39823785126467,0.0,9.425168855540372,27.0,1689,29,34,14,"[10.299999999999951, 10.69999999999995, 11.099999999999948, 11.499999999999947, 11.599999999999946, 12.799999999999942, 13.39999999999994, 15.699999999999932, 15.899999999999931, 16.199999999999932, 2.6000000000000023, 19.999999999999986, 20.19999999999999, 4.400000000000002]",12.599999999999955,"[21.0, 21.0, 21.0, 21.0, 21.0, 21.0, 21.0, 21.0, 21.0, 21.0, 5.0, 21.0, 21.0, 5.0]",18.714285714285715,28,"[0.5, 0.5, 0.5, 0.5, 0.5, 0.5, 0.5, 0.5, 0.1, 0.1, 0.1, 0.5, 0.1, 0.1, 0.5, 0.1, 0.5, 0.5, 0.5, 0.1, 0.1, 0.1, 0.5, 0.5, 0.5, 0.5, 0.1, 0.5]",0.35714285714285715,"[21.0, 21.0, 21.0, 21.0, 21.0, 21.0, 21.0, 21.0, 5.0, 5.0, 5.0, 21.0, 5.0, 5.0, 21.0, 5.0, 21.0, 21.0, 21.0, 5.0, 5.0, 5.0, 21.0, 21.0, 21.0, 21.0, 5.0, 21.0]",15.285714285714286
59.00000000000057,1792,25.97316659282453,45.39823785126467,0.0,9.486543392313184,27.2213151776324,1721,34,37,17,"[9.299999999999955, 9.699999999999953, 10.099999999999952, 10.49999999999995, 10.59999999999995, 11.799999999999946, 12.399999999999944, 14.699999999999935, 14.899999999999935, 15.199999999999934, 1.6000000000000014, 18.99999999999997, 19.199999999999974, 3.400000000000003, 20.39999999999999, 4.600000000000001, 5.0]",11.317647058823493,"[21.0, 21.0, 21.0, 21.0, 21.0, 21.0, 21.0, 21.0, 21.0, 21.0, 5.0, 21.0, 21.0, 5.0, 21.0, 5.0, 5.0]",17.235294117647058,33,"[0.5, 0.5, 0.5, 0.5, 0.5, 0.5, 0.5, 0.5, 0.1, 0.1, 0.1, 0.5, 0.1, 0.1, 0.5, 0.1, 0.5, 0.5, 0.5, 0.1, 0.1, 0.1, 0.5, 0.5, 0.5, 0.5, 0.1, 0.5, 0.1, 0.5, 0.1, 0.5, 0.1]",0.3424242424242424,"[21.0, 21.0, 21.0, 21.0, 21.0, 21.0, 21.0, 21.0, 5.0, 5.0, 5.0, 21.0, 5.0, 5.0, 21.0, 5.0, 21.0, 21.0, 21.0, 5.0, 5.0, 5.0, 21.0, 21.0, 21.0, 21.0, 5.0, 21.0, 5.0, 21.0, 5.0, 21.0, 5.0]",14.696969696969697
60.00000000000058,1837,26.24993808769313,45.39823785126467,0.0,9.541250968499016,27.49545416973504,1757,40,40,20,"[8.299999999999958, 8.699999999999957, 9.099999999999955, 9.499999999999954, 9.599999999999953, 10.79999999999995, 11.399999999999947, 13.699999999999939, 13.899999999999938, 14.199999999999937, 0.600000000000001, 17.999999999999957, 18.19999999999996, 2.400000000000002, 19.399999999999977, 3.600000000000003, 4.0000000000000036, 4.100000000000003, 20.599999999999994, 4.600000000000001]",10.23499999999997,"[21.0, 21.0, 21.0, 21.0, 21.0, 21.0, 21.0, 21.0, 21.0, 21.0, 5.0, 21.0, 21.0, 5.0, 21.0, 5.0, 5.0, 5.0, 21.0, 5.0]",16.2,37,"[0.5, 0.5, 0.5, 0.5, 0.5, 0.5, 0.5, 0.5, 0.1, 0.1, 0.1, 0.5, 0.1, 0.1, 0.5, 0.1, 0.5, 0.5, 0.1, 0.1, 0.1, 0.5, 0.5, 0.5, 0.5, 0.1, 0.5, 0.1, 0.5, 0.1, 0.5, 0.1, 0.5, 0.1, 0.5, 0.1, 0.1]",0.327027027027027,"[21.0, 21.0, 21.0, 21.0, 21.0, 21.0, 21.0, 21.0, 5.0, 5.0, 5.0, 21.0, 5.0, 5.0, 21.0, 5.0, 21.0, 21.0, 5.0, 5.0, 5.0, 21.0, 21.0, 21.0, 21.0, 5.0, 21.0, 5.0, 21.0, 5.0, 21.0, 5.0, 21.0, 5.0, 21.0, 5.0, 5.0]",14.08108108108108
61.0000000000006,1894,26.608105029479287,45.92385001282014,0.0,9.627583961106815,27.874719729532707,1799,47,48,9,"[7.299999999999962, 7.69999999999996, 8.099999999999959, 8.599999999999957, 10.39999999999995, 12.899999999999942, 13.19999999999994, 17.199999999999946, 19.59999999999998]",11.666666666666622,"[21.0, 21.0, 21.0, 21.0, 21.0, 21.0, 21.0, 21.0, 21.0]",21.0,26,"[0.5, 0.5, 0.5, 0.5, 0.5, 0.1, 0.1, 0.5, 0.1, 0.5, 0.5, 0.1, 0.1, 0.5, 0.5, 0.5, 0.1, 0.5, 0.5, 0.5, 0.1, 0.5, 0.5, 0.1, 0.5, 0.1]",0.36153846153846153,"[21.0, 21.0, 21.0, 21.0, 21.0, 5.0, 5.0, 21.0, 5.0, 21.0, 21.0, 5.0, 5.0, 21.0, 21.0, 21.0, 5.0, 21.0, 21.0, 21.0, 5.0, 21.0, 21.0, 5.0, 21.0, 5.0]",15.461538461538462
62.00000000000061,1936,26.86873786660942,45.92385001282014,0.0,9.689345976660611,28.5131548587665,1831,52,53,12,"[6.299999999999965, 6.699999999999964, 7.099999999999962, 7.599999999999961, 9.399999999999954, 11.899999999999945, 12.199999999999944, 16.199999999999932, 18.599999999999966, 20.39999999999999, 20.9, 20.9]",13.1833333333333,"[21.0, 21.0, 21.0, 21.0, 21.0, 21.0, 21.0, 21.0, 21.0, 21.0, 21.0, 21.0]",21.0,33,"[0.5, 0.5, 0.5, 0.5, 0.5, 0.1, 0.1, 0.5, 0.1, 0.5, 0.5, 0.1, 0.1, 0.5, 0.5, 0.5, 0.1, 0.5, 0.5, 0.5, 0.1, 0.5, 0.5, 0.1, 0.5, 0.1, 0.5, 0.1, 0.1, 0.1, 0.5, 0.5, 0.5]",0.3545454545454545,"[21.0, 21.0, 21.0, 21.0, 21.0, 5.0, 5.0, 21.0, 5.0, 21.0, 21.0, 5.0, 5.0, 21.0, 21.0, 21.0, 5.0, 21.0, 21.0, 21.0, 5.0, 21.0, 21.0, 5.0, 21.0, 5.0, 21.0, 5.0, 5.0, 5.0, 21.0, 21.0, 21.0]",15.181818181818182
63.000000000000625,1978,27.11971279776346,46.604720790924176,0.0,9.74334155008265,28.61817604250837,1862,58,58,0,[],0.0,[],0.0,22,"[0.1, 0.5, 0.1, 0.1, 0.5, 0.5, 0.1, 0.5, 0.1, 0.5, 0.5, 0.1, 0.5, 0.1, 0.1, 0.1, 0.1, 0.5, 0.5, 0.5, 0.5, 0.5]",0.3181818181818182,"[5.0, 21.0, 5.0, 5.0, 21.0, 21.0, 5.0, 21.0, 5.0, 21.0, 21.0, 5.0, 21.0, 5.0, 5.0, 5.0, 5.0, 21.0, 21.0, 21.0, 21.0, 21.0]",13.727272727272727
64.00000000000064,2007,27.27803096549763,46.604720790924176,0.0,9.763813091069517,28.827070610799147,1885,64,58,0,[],0.0,[],0.0,24,"[0.1, 0.5, 0.1, 0.1, 0.5, 0.5, 0.1, 0.5, 0.1, 0.5, 0.5, 0.1, 0.5, 0.1, 0.1, 0.1, 0.1, 0.5, 0.5, 0.5, 0.5, 0.5, 0.5, 0.5]",0.3333333333333333,"[5.0, 21.0, 5.0, 5.0, 21.0, 21.0, 5.0, 21.0, 5.0, 21.0, 21.0, 5.0, 21.0, 5.0, 5.0, 5.0, 5.0, 21.0, 21.0, 21.0, 21.0, 21.0, 21.0, 21.0]",14.333333333333334
65.00000000000058,2030,27.423827620189655,47.62352359916263,0.0,9.809022881492833,28.879011446889006,1900,71,59,0,[],0.0,[],0.0,16,"[0.1, 0.1, 0.5, 0.1, 0.1, 0.5, 0.1, 0.5, 0.1, 0.1, 0.5, 0.5, 0.5, 0.1, 0.5, 0.1]",0.275,"[5.0, 5.0, 21.0, 5.0, 5.0, 21.0, 5.0, 21.0, 5.0, 5.0, 21.0, 21.0, 21.0, 5.0, 21.0, 5.0]",12.0
66.00000000000053,2059,27.589567576758874,47.62352359916263,0.0,9.840980707574486,29.13760456866693,1923,78,58,0,[],0.0,[],0.0,15,"[0.1, 0.1, 0.5, 0.1, 0.1, 0.5, 0.1, 0.1, 0.5, 0.5, 0.5, 0.1, 0.5, 0.1, 0.1]",0.26,"[5.0, 5.0, 21.0, 5.0, 5.0, 21.0, 5.0, 5.0, 21.0, 21.0, 21.0, 5.0, 21.0, 5.0, 5.0]",11.4
67.00000000000047,2085,27.750748162197144,47.62352359916263,0.0,9.886092522284784,29.444863728670914,1930,84,71,0,[],0.0,[],0.0,15,"[0.5, 0.1, 0.1, 0.5, 0.1, 0.1, 0.5, 0.5, 0.5, 0.1, 0.5, 0.1, 0.1, 0.5, 0.5]",0.31333333333333335,"[21.0, 5.0, 5.0, 21.0, 5.0, 5.0, 21.0, 21.0, 21.0, 5.0, 21.0, 5.0, 5.0, 21.0, 21.0]",13.533333333333333
68.00000000000041,2106,27.889673276819245,48.28043081829324,0.0,9.93767038110253,29.546573405388315,1933,95,78,0,[],0.0,[],0.0,18,"[0.5, 0.1, 0.1, 0.1, 0.5, 0.5, 0.5, 0.1, 0.5, 0.1, 0.1, 0.5, 0.5, 0.5, 0.1, 0.1, 0.5, 0.1]",0.3,"[21.0, 5.0, 5.0, 5.0, 21.0, 21.0, 21.0, 5.0, 21.0, 5.0, 5.0, 21.0, 21.0, 21.0, 5.0, 5.0, 21.0, 5.0]",13.0
69.00000000000036,2118,27.963462418951877,48.28043081829324,0.0,9.95831306023377,29.59729717389748,1938,102,78,0,[],0.0,[],0.0,20,"[0.5, 0.1, 0.1, 0.1, 0.5, 0.5, 0.5, 0.1, 0.5, 0.1, 0.1, 0.5, 0.5, 0.5, 0.1, 0.1, 0.5, 0.1, 0.5, 0.5]",0.31999999999999995,"[21.0, 5.0, 5.0, 5.0, 21.0, 21.0, 21.0, 5.0, 21.0, 5.0, 5.0, 21.0, 21.0, 21.0, 5.0, 5.0, 21.0, 5.0, 21.0, 21.0]",13.8
70.0000000000003,2133,28.058947208454516,48.28043081829324,0.0,9.988705815057967,29.597297173897484,1939,116,78,0,[],0.0,[],0.0,21,"[0.5, 0.1, 0.1, 0.1, 0.5, 0.5, 0.5, 0.1, 0.5, 0.1, 0.1, 0.5, 0.5, 0.5, 0.1, 0.1, 0.5, 0.1, 0.5, 0.5, 0.1]",0.3095238095238095,"[21.0, 5.0, 5.0, 5.0, 21.0, 21.0, 21.0, 5.0, 21.0, 5.0, 5.0, 21.0, 21.0, 21.0, 5.0, 5.0, 21.0, 5.0, 21.0, 21.0, 5.0]",13.380952380952381
71.00000000000024,2145,28.13255150405425,48.28043081829324,0.0,10.00951123194856,29.999999999999996,1943,124,78,0,[],0.0,[],0.0,21,"[0.5, 0.1, 0.1, 0.1, 0.5, 0.5, 0.5, 0.1, 0.5, 0.1, 0.1, 0.5, 0.5, 0.5, 0.1, 0.1, 0.5, 0.1, 0.5, 0.5, 0.1]",0.3095238095238095,"[21.0, 5.0, 5.0, 5.0, 21.0, 21.0, 21.0, 5.0, 21.0, 5.0, 5.0, 21.0, 21.0, 21.0, 5.0, 5.0, 21.0, 5.0, 21.0, 21.0, 5.0]",13.380952380952381
72.00000000000018,2154,28.192252717416768,48.28043081829324,0.0,10.031938180293974,30.049958402633436,1943,137,74,0,[],0.0,[],0.0,22,"[0.5, 0.1, 0.1, 0.1, 0.5, 0.5, 0.5, 0.1, 0.5, 0.1, 0.1, 0.5, 0.5, 0.5, 0.1, 0.1, 0.5, 0.1, 0.5, 0.5, 0.1, 0.5]",0.3181818181818181,"[21.0, 5.0, 5.0, 5.0, 21.0, 21.0, 21.0, 5.0, 21.0, 5.0, 5.0, 21.0, 21.0, 21.0, 5.0, 5.0, 21.0, 5.0, 21.0, 21.0, 5.0, 21.0]",13.727272727272727
73.00000000000013,2166,28.271392757509872,48.28043081829324,0.0,10.06067946106069,30.049958402633436,1943,149,74,0,[],0.0,[],0.0,24,"[0.5, 0.1, 0.1, 0.1, 0.5, 0.5, 0.5, 0.1, 0.5, 0.1, 0.1, 0.5, 0.5, 0.5, 0.1, 0.1, 0.5, 0.1, 0.5, 0.5, 0.1, 0.5, 0.1, 0.5]",0.31666666666666665,"[21.0, 5.0, 5.0, 5.0, 21.0, 21.0, 21.0, 5.0, 21.0, 5.0, 5.0, 21.0, 21.0, 21.0, 5.0, 5.0, 21.0, 5.0, 21.0, 21.0, 5.0, 21.0, 5.0, 21.0]",13.666666666666666
74.00000000000007,2184,28.40443208768731,49.50757517794625,0.0,10.12680841948589,30.04995840263344,1944,171,69,0,[],0.0,[],0.0,18,"[0.1, 0.5, 0.5, 0.1, 0.1, 0.5, 0.1, 0.5, 0.5, 0.1, 0.5, 0.5, 0.5, 0.5, 0.1, 0.5, 0.5, 0.5]",0.36666666666666664,"[5.0, 21.0, 21.0, 5.0, 5.0, 21.0, 5.0, 21.0, 21.0, 5.0, 21.0, 21.0, 21.0, 21.0, 5.0, 21.0, 21.0, 21.0]",15.666666666666666
75.00000000000001,2202,28.530956562762828,49.50757517794625,0.0,10.182907349200697,30.199337741082996,1944,196,62,0,[],0.0,[],0.0,22,"[0.1, 0.5, 0.1, 0.1, 0.1, 0.5, 0.5, 0.1, 0.5, 0.5, 0.5, 0.5, 0.1, 0.5, 0.5, 0.5, 0.1, 0.5, 0.1, 0.1, 0.5, 0.5]",0.3363636363636363,"[5.0, 21.0, 5.0, 5.0, 5.0, 21.0, 21.0, 5.0, 21.0, 21.0, 21.0, 21.0, 5.0, 21.0, 21.0, 21.0, 5.0, 21.0, 5.0, 5.0, 21.0, 21.0]",14.454545454545455
75.99999999999996,2218,28.645373805247527,52.421369688324624,0.0,10.239063027282562,30.199337741083,1944,211,63,0,[],0.0,[],0.0,9,"[0.1, 0.5, 0.5, 0.5, 0.5, 0.5, 0.5, 0.5, 0.1]",0.41111111111111115,"[5.0, 21.0, 21.0, 21.0, 21.0, 21.0, 21.0, 21.0, 5.0]",17.444444444444443
76.9999999999999,2243,28.823687457885953,52.848841046895245,0.0,10.323209196114666,30.347981810987037,1944,238,61,0,[],0.0,[],0.0,13,"[0.1, 0.5, 0.5, 0.5, 0.5, 0.5, 0.5, 0.5, 0.1, 0.5, 0.5, 0.5, 0.1]",0.4076923076923077,"[5.0, 21.0, 21.0, 21.0, 21.0, 21.0, 21.0, 21.0, 5.0, 21.0, 21.0, 21.0, 5.0]",17.307692307692307
77.99999999999984,2254,28.896608058781666,52.848841046895245,0.0,10.352280722939378,30.446674695276656,1945,252,57,0,[],0.0,[],0.0,13,"[0.5, 0.5, 0.5, 0.5, 0.5, 0.5, 0.5, 0.1, 0.5, 0.5, 0.5, 0.1, 0.5]",0.4384615384615384,"[21.0, 21.0, 21.0, 21.0, 21.0, 21.0, 21.0, 5.0, 21.0, 21.0, 21.0, 5.0, 21.0]",18.53846153846154
78.99999999999979,2283,29.09505399721416,54.08326913195984,0.0,10.439150435189758,30.643106892089126,1945,281,57,0,[],0.0,[],0.0,10,"[0.5, 0.5, 0.5, 0.1, 0.5, 0.1, 0.5, 0.5, 0.5, 0.1]",0.38,"[21.0, 21.0, 21.0, 5.0, 21.0, 5.0, 21.0, 21.0, 21.0, 5.0]",16.2
79.99999999999973,2298,29.200132382208366,54.08326913195984,0.0,10.487767208925272,30.7896086366813,1945,298,55,0,[],0.0,[],0.0,11,"[0.5, 0.5, 0.5, 0.1, 0.1, 0.5, 0.5, 0.5, 0.1, 0.5, 0.1]",0.35454545454545455,"[21.0, 21.0, 21.0, 5.0, 5.0, 21.0, 21.0, 21.0, 5.0, 21.0, 5.0]",15.181818181818182
80.99999999999967,2317,29.323091416406836,54.08326913195984,0.0,10.533936562172782,30.789608636681304,1945,324,48,0,[],0.0,[],0.0,12,"[0.5, 0.5, 0.5, 0.1, 0.1, 0.5, 0.5, 0.5, 0.1, 0.5, 0.1, 0.5]",0.3666666666666667,"[21.0, 21.0, 21.0, 5.0, 5.0, 21.0, 21.0, 21.0, 5.0, 21.0, 5.0, 21.0]",15.666666666666666
81.99999999999962,2333,29.43238953008459,54.08326913195984,0.0,10.582791873622414,31.224989991991986,1945,347,41,0,[],0.0,[],0.0,13,"[0.5, 0.5, 0.5, 0.1, 0.1, 0.5, 0.5, 0.5, 0.1, 0.5, 0.5, 0.1, 0.5]",0.37692307692307697,"[21.0, 21.0, 21.0, 5.0, 5.0, 21.0, 21.0, 21.0, 5.0, 21.0, 21.0, 5.0, 21.0]",16.076923076923077
82.99999999999956,2349,29.539759760591558,54.08326913195984,0.0,10.626915305897557,31.22498999199199,1945,367,37,0,[],0.0,[],0.0,13,"[0.5, 0.5, 0.5, 0.1, 0.1, 0.5, 0.5, 0.5, 0.1, 0.5, 0.5, 0.1, 0.5]",0.37692307692307697,"[21.0, 21.0, 21.0, 5.0, 5.0, 21.0, 21.0, 21.0, 5.0, 21.0, 21.0, 5.0, 21.0]",16.076923076923077
83.9999999999995,2371,29.6870904870888,54.08326913195984,0.0,10.688554387469715,31.32091952673165,1945,392,34,0,[],0.0,[],0.0,16,"[0.5, 0.5, 0.5, 0.1, 0.1, 0.5, 0.5, 0.5, 0.1, 0.5, 0.5, 0.1, 0.5, 0.5, 0.1, 0.1]",0.35,"[21.0, 21.0, 21.0, 5.0, 5.0, 21.0, 21.0, 21.0, 5.0, 21.0, 21.0, 5.0, 21.0, 21.0, 5.0, 5.0]",15.0
84.99999999999945,2394,29.849443764741046,54.08326913195984,0.0,10.767684884069999,31.51190251317746,1945,417,32,0,[],0.0,[],0.0,20,"[0.5, 0.5, 0.5, 0.1, 0.1, 0.5, 0.5, 0.1, 0.5, 0.5, 0.1, 0.5, 0.5, 0.1, 0.1, 0.1, 0.1, 0.5, 0.1, 0.1]",0.29999999999999993,"[21.0, 21.0, 21.0, 5.0, 5.0, 21.0, 21.0, 5.0, 21.0, 21.0, 5.0, 21.0, 21.0, 5.0, 5.0, 5.0, 5.0, 21.0, 5.0, 5.0]",13.0
85.99999999999939,2424,30.044014149002216,54.08326913195984,0.0,10.846454727291691,31.606961258558215,1945,447,32,0,[],0.0,[],0.0,20,"[0.5, 0.5, 0.5, 0.1, 0.5, 0.5, 0.1, 0.5, 0.1, 0.5, 0.5, 0.1, 0.1, 0.1, 0.1, 0.5, 0.1, 0.1, 0.1, 0.5]",0.29999999999999993,"[21.0, 21.0, 21.0, 5.0, 21.0, 21.0, 5.0, 21.0, 5.0, 21.0, 21.0, 5.0, 5.0, 5.0, 5.0, 21.0, 5.0, 5.0, 5.0, 21.0]",13.0
86.99999999999933,2449,30.20513895137168,54.08326913195984,0.0,10.9098504176059,31.74901573277509,1945,474,30,0,[],0.0,[],0.0,18,"[0.5, 0.5, 0.1, 0.5, 0.5, 0.1, 0.5, 0.5, 0.1, 0.1, 0.1, 0.1, 0.5, 0.1, 0.1, 0.1, 0.1, 0.1]",0.25555555555555554,"[21.0, 21.0, 5.0, 21.0, 21.0, 5.0, 21.0, 21.0, 5.0, 5.0, 5.0, 5.0, 21.0, 5.0, 5.0, 5.0, 5.0, 5.0]",11.222222222222221
87.99999999999928,2473,30.363279823462793,54.08326913195984,0.0,10.97836663418083,31.796226191169296,1945,506,22,0,[],0.0,[],0.0,21,"[0.5, 0.5, 0.1, 0.5, 0.5, 0.5, 0.1, 0.1, 0.1, 0.1, 0.5, 0.1, 0.1, 0.1, 0.1, 0.1, 0.5, 0.5, 0.5, 0.5, 0.5]",0.30952380952380953,"[21.0, 21.0, 5.0, 21.0, 21.0, 21.0, 5.0, 5.0, 5.0, 5.0, 21.0, 5.0, 5.0, 5.0, 5.0, 5.0, 21.0, 21.0, 21.0, 21.0, 21.0]",13.380952380952381
88.99999999999922,2495,30.49691616825502,54.08326913195984,0.0,11.02401405067827,32.07802986469088,1945,534,16,0,[],0.0,[],0.0,25,"[0.5, 0.5, 0.1, 0.5, 0.5, 0.5, 0.1, 0.1, 0.1, 0.1, 0.5, 0.1, 0.1, 0.1, 0.1, 0.1, 0.5, 0.5, 0.5, 0.5, 0.5, 0.1, 0.1, 0.1, 0.5]",0.29200000000000004,"[21.0, 21.0, 5.0, 21.0, 21.0, 21.0, 5.0, 5.0, 5.0, 5.0, 21.0, 5.0, 5.0, 5.0, 5.0, 5.0, 21.0, 21.0, 21.0, 21.0, 21.0, 5.0, 5.0, 5.0, 21.0]",12.68
89.99999999999916,2511,30.594886097184965,54.08326913195984,0.0,11.058474680669212,32.07802986469088,1945,551,15,0,[],0.0,[],0.0,26,"[0.5, 0.5, 0.1, 0.5, 0.5, 0.5, 0.1, 0.1, 0.1, 0.5, 0.1, 0.1, 0.1, 0.1, 0.5, 0.5, 0.5, 0.5, 0.5, 0.1, 0.1, 0.1, 0.5, 0.1, 0.5, 0.5]",0.3153846153846154,"[21.0, 21.0, 5.0, 21.0, 21.0, 21.0, 5.0, 5.0, 5.0, 21.0, 5.0, 5.0, 5.0, 5.0, 21.0, 21.0, 21.0, 21.0, 21.0, 5.0, 5.0, 5.0, 21.0, 5.0, 21.0, 21.0]",13.615384615384615
90.9999999999991,2544,30.800457141040283,56.20498198558558,0.0,11.139890937151042,32.357379374726875,1945,585,14,0,[],0.0,[],0.0,14,"[0.5, 0.5, 0.5, 0.5, 0.5, 0.1, 0.1, 0.5, 0.5, 0.5, 0.5, 0.1, 0.1, 0.5]",0.3857142857142857,"[21.0, 21.0, 21.0, 21.0, 21.0, 5.0, 5.0, 21.0, 21.0, 21.0, 21.0, 5.0, 5.0, 21.0]",16.428571428571427
91.99999999999905,2567,30.942314959566957,56.20498198558558,0.0,11.195925977767095,32.449961479175904,1945,610,12,0,[],0.0,[],0.0,16,"[0.5, 0.5, 0.5, 0.5, 0.5, 0.1, 0.5, 0.5, 0.5, 0.1, 0.1, 0.5, 0.5, 0.1, 0.1, 0.5]",0.375,"[21.0, 21.0, 21.0, 21.0, 21.0, 5.0, 21.0, 21.0, 21.0, 5.0, 5.0, 21.0, 21.0, 5.0, 5.0, 21.0]",16.0
92.99999999999899,2592,31.079825215289414,56.20498198558558,0.0,11.231178566582757,32.90896534380867,1945,636,11,0,[],0.0,[],0.0,17,"[0.5, 0.5, 0.5, 0.5, 0.5, 0.1, 0.5, 0.5, 0.5, 0.1, 0.1, 0.5, 0.5, 0.1, 0.1, 0.5, 0.1]",0.3588235294117647,"[21.0, 21.0, 21.0, 21.0, 21.0, 5.0, 21.0, 21.0, 21.0, 5.0, 5.0, 21.0, 21.0, 5.0, 5.0, 21.0, 5.0]",15.352941176470589
93.99999999999893,2620,31.24871602172138,56.20498198558558,0.0,11.293237473934065,33.04542328371661,1945,666,9,0,[],0.0,[],0.0,20,"[0.5, 0.5, 0.5, 0.5, 0.1, 0.5, 0.5, 0.5, 0.1, 0.1, 0.5, 0.5, 0.1, 0.1, 0.5, 0.1, 0.1, 0.5, 0.1, 0.5]",0.33999999999999997,"[21.0, 21.0, 21.0, 21.0, 5.0, 21.0, 21.0, 21.0, 5.0, 5.0, 21.0, 21.0, 5.0, 5.0, 21.0, 5.0, 5.0, 21.0, 5.0, 21.0]",14.6
94.99999999999888,2652,31.44068730130502,56.20498198558558,0.0,11.361856331895128,33.04542328371661,1945,699,8,0,[],0.0,[],0.0,21,"[0.5, 0.5, 0.5, 0.1, 0.5, 0.5, 0.1, 0.1, 0.5, 0.5, 0.1, 0.1, 0.5, 0.1, 0.1, 0.5, 0.1, 0.5, 0.5, 0.1, 0.5]",0.32857142857142857,"[21.0, 21.0, 21.0, 5.0, 21.0, 21.0, 5.0, 5.0, 21.0, 21.0, 5.0, 5.0, 21.0, 5.0, 5.0, 21.0, 5.0, 21.0, 21.0, 5.0, 21.0]",14.142857142857142
95.99999999999882,2675,31.57260120603122,56.20498198558558,0.0,11.403180930245146,33.18132004607411,1945,723,7,0,[],0.0,[],0.0,22,"[0.5, 0.5, 0.5, 0.1, 0.5, 0.5, 0.1, 0.1, 0.5, 0.5, 0.1, 0.1, 0.5, 0.1, 0.1, 0.5, 0.1, 0.5, 0.5, 0.1, 0.5, 0.5]",0.33636363636363636,"[21.0, 21.0, 21.0, 5.0, 21.0, 21.0, 5.0, 5.0, 21.0, 21.0, 5.0, 5.0, 21.0, 5.0, 5.0, 21.0, 5.0, 21.0, 21.0, 5.0, 21.0, 21.0]",14.454545454545455
96.99999999999876,2697,31.70394318692656,56.20498198558558,0.0,11.451310467712478,33.406586176980134,1945,747,5,0,[],0.0,[],0.0,27,"[0.5, 0.5, 0.5, 0.1, 0.5, 0.5, 0.1, 0.1, 0.5, 0.5, 0.1, 0.1, 0.5, 0.1, 0.1, 0.5, 0.1, 0.5, 0.5, 0.1, 0.5, 0.5, 0.5, 0.1, 0.5, 0.5, 0.5]",0.35185185185185186,"[21.0, 21.0, 21.0, 5.0, 21.0, 21.0, 5.0, 5.0, 21.0, 21.0, 5.0, 5.0, 21.0, 5.0, 5.0, 21.0, 5.0, 21.0, 21.0, 5.0, 21.0, 21.0, 21.0, 5.0, 21.0, 21.0, 21.0]",15.074074074074074
97.9999999999987,2737,31.940144913876747,57.41950887982237,0.0,11.538879489992613,33.45145736735546,1945,788,4,0,[],0.0,[],0.0,22,"[0.5, 0.5, 0.1, 0.5, 0.1, 0.1, 0.5, 0.5, 0.1, 0.1, 0.5, 0.1, 0.5, 0.5, 0.5, 0.5, 0.5, 0.5, 0.1, 0.5, 0.1, 0.5]",0.3545454545454545,"[21.0, 21.0, 5.0, 21.0, 5.0, 5.0, 21.0, 21.0, 5.0, 5.0, 21.0, 5.0, 21.0, 21.0, 21.0, 21.0, 21.0, 21.0, 5.0, 21.0, 5.0, 21.0]",15.181818181818182
98.99999999999865,2767,32.1188252651297,57.41950887982237,0.0,11.606647942191826,33.80828300875393,1945,819,3,0,[],0.0,[],0.0,25,"[0.5, 0.1, 0.5, 0.1, 0.1, 0.5, 0.5, 0.1, 0.1, 0.5, 0.1, 0.5, 0.5, 0.5, 0.5, 0.5, 0.1, 0.5, 0.1, 0.5, 0.5, 0.5, 0.1, 0.5, 0.1]",0.34,"[21.0, 5.0, 21.0, 5.0, 5.0, 21.0, 21.0, 5.0, 5.0, 21.0, 5.0, 21.0, 21.0, 21.0, 21.0, 21.0, 5.0, 21.0, 5.0, 21.0, 21.0, 21.0, 5.0, 21.0, 5.0]",14.6
99.9999999999986,2792,32.25834474457881,57.41950887982237,0.0,11.649636149688716,34.07345007480164,1945,846,1,0,[],0.0,[],0.0,26,"[0.5, 0.1, 0.1, 0.1, 0.5, 0.5, 0.1, 0.1, 0.5, 0.1, 0.5, 0.5, 0.5, 0.5, 0.5, 0.1, 0.5, 0.1, 0.5, 0.5, 0.5, 0.1, 0.5, 0.1, 0.5, 0.1]",0.33076923076923076,"[21.0, 5.0, 5.0, 5.0, 21.0, 21.0, 5.0, 5.0, 21.0, 5.0, 21.0, 21.0, 21.0, 21.0, 21.0, 5.0, 21.0, 5.0, 21.0, 21.0, 21.0, 5.0, 21.0, 5.0, 21.0, 5.0]",14.23076923076923
100.99999999999854,2818,32.40636809981416,57.41950887982237,0.0,11.699565209730467,34.11744421846396,1945,872,1,0,[],0.0,[],0.0,28,"[0.5, 0.1, 0.1, 0.1, 0.5, 0.5, 0.1, 0.1, 0.5, 0.1, 0.5, 0.5, 0.5, 0.5, 0.5, 0.1, 0.5, 0.1, 0.5, 0.5, 0.5, 0.1, 0.5, 0.1, 0.5, 0.1, 0.1, 0.1]",0.3142857142857142,"[21.0, 5.0, 5.0, 5.0, 21.0, 21.0, 5.0, 5.0, 21.0, 5.0, 21.0, 21.0, 21.0, 21.0, 21.0, 5.0, 21.0, 5.0, 21.0, 21.0, 21.0, 5.0, 21.0, 5.0, 21.0, 5.0, 5.0, 5.0]",13.571428571428571
101.99999999999848,2847,32.56686607519032,57.41950887982237,0.0,11.751235753439955,34.51086785347479,1945,901,1,0,[],0.0,[],0.0,29,"[0.5, 0.1, 0.1, 0.5, 0.1, 0.1, 0.5, 0.1, 0.5, 0.5, 0.5, 0.5, 0.5, 0.1, 0.5, 0.1, 0.5, 0.5, 0.5, 0.1, 0.5, 0.1, 0.5, 0.1, 0.1, 0.1, 0.5, 0.1, 0.5]",0.32068965517241377,"[21.0, 5.0, 5.0, 21.0, 5.0, 5.0, 21.0, 5.0, 21.0, 21.0, 21.0, 21.0, 21.0, 5.0, 21.0, 5.0, 21.0, 21.0, 21.0, 5.0, 21.0, 5.0, 21.0, 5.0, 5.0, 5.0, 21.0, 5.0, 21.0]",13.827586206896552
102.99999999999842,2880,32.75849447690756,57.41950887982237,0.0,11.823079390458465,34.597687784012386,1945,934,1,0,[],0.0,[],0.0,33,"[0.5, 0.1, 0.5, 0.1, 0.1, 0.5, 0.1, 0.5, 0.5, 0.5, 0.5, 0.1, 0.5, 0.1, 0.5, 0.5, 0.5, 0.1, 0.5, 0.1, 0.1, 0.1, 0.1, 0.5, 0.1, 0.5, 0.5, 0.1, 0.5, 0.5, 0.5, 0.5, 0.1]",0.33030303030303027,"[21.0, 5.0, 21.0, 5.0, 5.0, 21.0, 5.0, 21.0, 21.0, 21.0, 21.0, 5.0, 21.0, 5.0, 21.0, 21.0, 21.0, 5.0, 21.0, 5.0, 5.0, 5.0, 5.0, 21.0, 5.0, 21.0, 21.0, 5.0, 21.0, 21.0, 21.0, 21.0, 5.0]",14.212121212121213
103.99999999999837,2920,32.9781124241965,58.66003750424986,0.0,11.894121587335334,34.77067730142742,1945,974,1,0,[],0.0,[],0.0,28,"[0.5, 0.1, 0.5, 0.1, 0.1, 0.5, 0.5, 0.1, 0.5, 0.5, 0.5, 0.1, 0.1, 0.5, 0.1, 0.5, 0.5, 0.1, 0.5, 0.5, 0.5, 0.5, 0.1, 0.5, 0.1, 0.5, 0.5, 0.5]",0.35714285714285715,"[21.0, 5.0, 21.0, 5.0, 5.0, 21.0, 21.0, 5.0, 21.0, 21.0, 21.0, 5.0, 5.0, 21.0, 5.0, 21.0, 21.0, 5.0, 21.0, 21.0, 21.0, 21.0, 5.0, 21.0, 5.0, 21.0, 21.0, 21.0]",15.285714285714286
104.99999999999831,2954,33.175066703176874,58.66003750424986,0.0,11.969052285434474,34.77067730142742,1945,1008,1,0,[],0.0,[],0.0,34,"[0.5, 0.5, 0.1, 0.1, 0.5, 0.1, 0.5, 0.5, 0.5, 0.1, 0.1, 0.5, 0.1, 0.5, 0.5, 0.1, 0.5, 0.5, 0.5, 0.5, 0.1, 0.5, 0.1, 0.5, 0.5, 0.5, 0.5, 0.1, 0.5, 0.1, 0.1, 0.1, 0.1, 0.1]",0.3235294117647059,"[21.0, 21.0, 5.0, 5.0, 21.0, 5.0, 21.0, 21.0, 21.0, 5.0, 5.0, 21.0, 5.0, 21.0, 21.0, 5.0, 21.0, 21.0, 21.0, 21.0, 5.0, 21.0, 5.0, 21.0, 21.0, 21.0, 21.0, 5.0, 21.0, 5.0, 5.0, 5.0, 5.0, 5.0]",13.941176470588236
105.99999999999825,2984,33.333089833747216,58.66003750424986,0.0,12.015864240620015,35.02855977627399,1945,1038,1,0,[],0.0,[],0.0,36,"[0.5, 0.5, 0.1, 0.1, 0.5, 0.1, 0.5, 0.5, 0.5, 0.1, 0.1, 0.5, 0.1, 0.5, 0.5, 0.1, 0.5, 0.5, 0.5, 0.5, 0.1, 0.5, 0.1, 0.5, 0.5, 0.5, 0.5, 0.5, 0.1, 0.1, 0.1, 0.1, 0.1, 0.1, 0.5, 0.1]",0.3222222222222222,"[21.0, 21.0, 5.0, 5.0, 21.0, 5.0, 21.0, 21.0, 21.0, 5.0, 5.0, 21.0, 5.0, 21.0, 21.0, 5.0, 21.0, 21.0, 21.0, 21.0, 5.0, 21.0, 5.0, 21.0, 21.0, 21.0, 21.0, 21.0, 5.0, 5.0, 5.0, 5.0, 5.0, 5.0, 21.0, 5.0]",13.88888888888889
106.9999999999982,3005,33.453433511080426,58.66003750424986,0.0,12.0634994617985,35.156791662493895,1945,1060,0,0,[],0.0,[],0.0,40,"[0.5, 0.5, 0.1, 0.1, 0.5, 0.1, 0.5, 0.5, 0.5, 0.1, 0.5, 0.1, 0.5, 0.5, 0.1, 0.5, 0.5, 0.5, 0.5, 0.1, 0.5, 0.1, 0.5, 0.5, 0.5, 0.5, 0.5, 0.1, 0.1, 0.1, 0.1, 0.1, 0.1, 0.5, 0.1, 0.1, 0.1, 0.1, 0.1, 0.5]",0.31,"[21.0, 21.0, 5.0, 5.0, 21.0, 5.0, 21.0, 21.0, 21.0, 5.0, 21.0, 5.0, 21.0, 21.0, 5.0, 21.0, 21.0, 21.0, 21.0, 5.0, 21.0, 5.0, 21.0, 21.0, 21.0, 21.0, 21.0, 5.0, 5.0, 5.0, 5.0, 5.0, 5.0, 21.0, 5.0, 5.0, 5.0, 5.0, 5.0, 21.0]",13.4
107.99999999999814,3038,33.63547538359684,58.66003750424986,0.0,12.126531033363344,35.45409482774426,1945,1093,0,0,[],0.0,[],0.0,46,"[0.5, 0.5, 0.1, 0.1, 0.5, 0.1, 0.5, 0.5, 0.5, 0.1, 0.5, 0.5, 0.5, 0.1, 0.5, 0.5, 0.5, 0.5, 0.1, 0.5, 0.1, 0.5, 0.5, 0.5, 0.5, 0.5, 0.1, 0.1, 0.1, 0.1, 0.1, 0.1, 0.5, 0.1, 0.1, 0.1, 0.1, 0.1, 0.5, 0.1, 0.1, 0.5, 0.5, 0.5, 0.1, 0.5]",0.3173913043478261,"[21.0, 21.0, 5.0, 5.0, 21.0, 5.0, 21.0, 21.0, 21.0, 5.0, 21.0, 21.0, 21.0, 5.0, 21.0, 21.0, 21.0, 21.0, 5.0, 21.0, 5.0, 21.0, 21.0, 21.0, 21.0, 21.0, 5.0, 5.0, 5.0, 5.0, 5.0, 5.0, 21.0, 5.0, 5.0, 5.0, 5.0, 5.0, 21.0, 5.0, 5.0, 21.0, 21.0, 21.0, 5.0, 21.0]",13.695652173913043
108.99999999999808,3063,33.77928417322317,59.09314681077663,0.0,12.184836674321657,35.79106033634656,1945,1118,0,0,[],0.0,[],0.0,40,"[0.5, 0.1, 0.5, 0.1, 0.5, 0.5, 0.5, 0.5, 0.5, 0.1, 0.5, 0.5, 0.1, 0.5, 0.5, 0.5, 0.5, 0.5, 0.1, 0.1, 0.1, 0.1, 0.5, 0.1, 0.1, 0.1, 0.1, 0.1, 0.5, 0.1, 0.5, 0.5, 0.5, 0.1, 0.5, 0.1, 0.1, 0.5, 0.5, 0.5]",0.32999999999999996,"[21.0, 5.0, 21.0, 5.0, 21.0, 21.0, 21.0, 21.0, 21.0, 5.0, 21.0, 21.0, 5.0, 21.0, 21.0, 21.0, 21.0, 21.0, 5.0, 5.0, 5.0, 5.0, 21.0, 5.0, 5.0, 5.0, 5.0, 5.0, 21.0, 5.0, 21.0, 21.0, 21.0, 5.0, 21.0, 5.0, 5.0, 21.0, 21.0, 21.0]",14.2
109.99999999999802,3108,34.02911146414155,60.77005841695399,0.0,12.27843314317335,35.79106033634656,1945,1163,0,0,[],0.0,[],0.0,29,"[0.5, 0.5, 0.5, 0.1, 0.5, 0.5, 0.5, 0.1, 0.1, 0.5, 0.1, 0.1, 0.5, 0.1, 0.5, 0.5, 0.5, 0.1, 0.5, 0.5, 0.5, 0.5, 0.5, 0.5, 0.5, 0.5, 0.5, 0.5, 0.5]",0.40344827586206894,"[21.0, 21.0, 21.0, 5.0, 21.0, 21.0, 21.0, 5.0, 5.0, 21.0, 5.0, 5.0, 21.0, 5.0, 21.0, 21.0, 21.0, 5.0, 21.0, 21.0, 21.0, 21.0, 21.0, 21.0, 21.0, 21.0, 21.0, 21.0, 21.0]",17.137931034482758
110.99999999999797,3136,34.174149229546664,60.77005841695399,0.0,12.3215827712066,36.0416425818802,1945,1191,0,0,[],0.0,[],0.0,29,"[0.5, 0.5, 0.5, 0.1, 0.5, 0.5, 0.1, 0.1, 0.5, 0.1, 0.1, 0.5, 0.1, 0.5, 0.5, 0.5, 0.1, 0.5, 0.5, 0.5, 0.5, 0.5, 0.5, 0.5, 0.5, 0.5, 0.5, 0.5, 0.5]",0.403448275862069,"[21.0, 21.0, 21.0, 5.0, 21.0, 21.0, 5.0, 5.0, 21.0, 5.0, 5.0, 21.0, 5.0, 21.0, 21.0, 21.0, 5.0, 21.0, 21.0, 21.0, 21.0, 21.0, 21.0, 21.0, 21.0, 21.0, 21.0, 21.0, 21.0]",17.137931034482758
111.99999999999791,3164,34.31573509270281,60.77005841695399,0.0,12.361477063300702,36.166282640050255,1945,1219,0,0,[],0.0,[],0.0,31,"[0.5, 0.5, 0.5, 0.1, 0.5, 0.5, 0.1, 0.1, 0.5, 0.1, 0.1, 0.5, 0.1, 0.5, 0.5, 0.5, 0.1, 0.5, 0.5, 0.5, 0.5, 0.5, 0.5, 0.5, 0.5, 0.5, 0.5, 0.5, 0.5, 0.1, 0.5]",0.3967741935483871,"[21.0, 21.0, 21.0, 5.0, 21.0, 21.0, 5.0, 5.0, 21.0, 5.0, 5.0, 21.0, 5.0, 21.0, 21.0, 21.0, 5.0, 21.0, 21.0, 21.0, 21.0, 21.0, 21.0, 21.0, 21.0, 21.0, 21.0, 21.0, 21.0, 5.0, 21.0]",16.870967741935484
112.99999999999785,3188,34.44585375632034,60.77005841695399,0.0,12.40832519540933,36.29049462324811,1945,1243,0,0,[],0.0,[],0.0,34,"[0.5, 0.5, 0.5, 0.1, 0.5, 0.5, 0.1, 0.1, 0.5, 0.1, 0.1, 0.5, 0.1, 0.5, 0.5, 0.5, 0.1, 0.5, 0.5, 0.5, 0.5, 0.5, 0.5, 0.5, 0.5, 0.5, 0.5, 0.5, 0.5, 0.1, 0.5, 0.1, 0.1, 0.5]",0.38235294117647056,"[21.0, 21.0, 21.0, 5.0, 21.0, 21.0, 5.0, 5.0, 21.0, 5.0, 5.0, 21.0, 5.0, 21.0, 21.0, 21.0, 5.0, 21.0, 21.0, 21.0, 21.0, 21.0, 21.0, 21.0, 21.0, 21.0, 21.0, 21.0, 21.0, 5.0, 21.0, 5.0, 5.0, 21.0]",16.294117647058822
113.9999999999978,3227,34.655253355543486,60.77005841695399,0.0,12.483063081109258,36.373066958946424,1945,1282,0,0,[],0.0,[],0.0,35,"[0.5, 0.1, 0.5, 0.1, 0.5, 0.1, 0.1, 0.5, 0.1, 0.5, 0.5, 0.1, 0.5, 0.5, 0.5, 0.5, 0.5, 0.5, 0.5, 0.5, 0.5, 0.5, 0.1, 0.5, 0.1, 0.1, 0.5, 0.1, 0.1, 0.1, 0.1, 0.1, 0.1, 0.1, 0.5]",0.3171428571428571,"[21.0, 5.0, 21.0, 5.0, 21.0, 5.0, 5.0, 21.0, 5.0, 21.0, 21.0, 5.0, 21.0, 21.0, 21.0, 21.0, 21.0, 21.0, 21.0, 21.0, 21.0, 21.0, 5.0, 21.0, 5.0, 5.0, 21.0, 5.0, 5.0, 5.0, 5.0, 5.0, 5.0, 5.0, 21.0]",13.685714285714285
114.99999999999774,3255,34.80679421642805,60.77005841695399,0.0,12.53994457785933,36.66060555964672,1945,1310,0,0,[],0.0,[],0.0,39,"[0.5, 0.1, 0.5, 0.1, 0.5, 0.1, 0.1, 0.1, 0.5, 0.5, 0.1, 0.5, 0.5, 0.5, 0.5, 0.5, 0.5, 0.5, 0.5, 0.1, 0.5, 0.1, 0.1, 0.5, 0.1, 0.1, 0.1, 0.1, 0.1, 0.1, 0.1, 0.5, 0.1, 0.1, 0.1, 0.5, 0.1, 0.1, 0.5]",0.2846153846153846,"[21.0, 5.0, 21.0, 5.0, 21.0, 5.0, 5.0, 5.0, 21.0, 21.0, 5.0, 21.0, 21.0, 21.0, 21.0, 21.0, 21.0, 21.0, 21.0, 5.0, 21.0, 5.0, 5.0, 21.0, 5.0, 5.0, 5.0, 5.0, 5.0, 5.0, 5.0, 21.0, 5.0, 5.0, 5.0, 21.0, 5.0, 5.0, 21.0]",12.384615384615385
115.99999999999768,3283,34.957497102287185,60.77005841695399,0.0,12.596743026489563,36.864617182333525,1945,1338,0,0,[],0.0,[],0.0,43,"[0.5, 0.5, 0.1, 0.5, 0.1, 0.1, 0.1, 0.5, 0.5, 0.1, 0.5, 0.5, 0.5, 0.5, 0.5, 0.5, 0.5, 0.5, 0.1, 0.5, 0.1, 0.1, 0.5, 0.1, 0.1, 0.1, 0.1, 0.1, 0.1, 0.1, 0.5, 0.1, 0.1, 0.1, 0.5, 0.1, 0.1, 0.5, 0.1, 0.1, 0.5, 0.1, 0.5]",0.28604651162790695,"[21.0, 21.0, 5.0, 21.0, 5.0, 5.0, 5.0, 21.0, 21.0, 5.0, 21.0, 21.0, 21.0, 21.0, 21.0, 21.0, 21.0, 21.0, 5.0, 21.0, 5.0, 5.0, 21.0, 5.0, 5.0, 5.0, 5.0, 5.0, 5.0, 5.0, 21.0, 5.0, 5.0, 5.0, 21.0, 5.0, 5.0, 21.0, 5.0, 5.0, 21.0, 5.0, 21.0]",12.44186046511628
116.99999999999763,3324,35.17074423854302,61.99193495931547,0.0,12.670382997473288,37.027017163147235,1945,1379,0,0,[],0.0,[],0.0,33,"[0.5, 0.1, 0.1, 0.1, 0.5, 0.5, 0.5, 0.5, 0.5, 0.5, 0.1, 0.1, 0.5, 0.1, 0.1, 0.1, 0.5, 0.1, 0.1, 0.1, 0.1, 0.1, 0.1, 0.1, 0.5, 0.1, 0.5, 0.5, 0.5, 0.1, 0.5, 0.1, 0.1]",0.2696969696969697,"[21.0, 5.0, 5.0, 5.0, 21.0, 21.0, 21.0, 21.0, 21.0, 21.0, 5.0, 5.0, 21.0, 5.0, 5.0, 5.0, 21.0, 5.0, 5.0, 5.0, 5.0, 5.0, 5.0, 5.0, 21.0, 5.0, 21.0, 21.0, 21.0, 5.0, 21.0, 5.0, 5.0]",11.787878787878787
117.99999999999757,3356,35.33376616968283,62.42595614005443,0.0,12.72306092694684,37.469987990390386,1945,1411,0,0,[],0.0,[],0.0,36,"[0.1, 0.1, 0.1, 0.5, 0.5, 0.5, 0.5, 0.5, 0.1, 0.5, 0.1, 0.1, 0.1, 0.5, 0.1, 0.1, 0.1, 0.1, 0.1, 0.1, 0.1, 0.5, 0.1, 0.5, 0.5, 0.5, 0.1, 0.5, 0.1, 0.1, 0.5, 0.5, 0.1, 0.1, 0.5, 0.5]",0.27777777777777773,"[5.0, 5.0, 5.0, 21.0, 21.0, 21.0, 21.0, 21.0, 5.0, 21.0, 5.0, 5.0, 5.0, 21.0, 5.0, 5.0, 5.0, 5.0, 5.0, 5.0, 5.0, 21.0, 5.0, 21.0, 21.0, 21.0, 5.0, 21.0, 5.0, 5.0, 21.0, 21.0, 5.0, 5.0, 21.0, 21.0]",12.11111111111111
118.99999999999751,3389,35.52429065372011,63.3798075099633,0.0,12.812375499381414,37.5099986670221,1945,1444,0,0,[],0.0,[],0.0,28,"[0.1, 0.5, 0.1, 0.1, 0.5, 0.1, 0.1, 0.1, 0.1, 0.1, 0.5, 0.5, 0.5, 0.5, 0.1, 0.1, 0.1, 0.5, 0.1, 0.1, 0.1, 0.1, 0.5, 0.5, 0.1, 0.1, 0.5, 0.1]",0.24285714285714283,"[5.0, 21.0, 5.0, 5.0, 21.0, 5.0, 5.0, 5.0, 5.0, 5.0, 21.0, 21.0, 21.0, 21.0, 5.0, 5.0, 5.0, 21.0, 5.0, 5.0, 5.0, 5.0, 21.0, 21.0, 5.0, 5.0, 21.0, 5.0]",10.714285714285714
119.99999999999746,3425,35.71137782552573,63.3798075099633,0.0,12.877739705939709,37.589892258425,1945,1480,0,0,[],0.0,[],0.0,35,"[0.1, 0.5, 0.1, 0.1, 0.5, 0.1, 0.1, 0.1, 0.1, 0.1, 0.5, 0.5, 0.5, 0.5, 0.1, 0.1, 0.1, 0.5, 0.1, 0.1, 0.1, 0.1, 0.5, 0.5, 0.1, 0.1, 0.5, 0.1, 0.5, 0.1, 0.1, 0.5, 0.1, 0.1, 0.5]",0.24857142857142855,"[5.0, 21.0, 5.0, 5.0, 21.0, 5.0, 5.0, 5.0, 5.0, 5.0, 21.0, 21.0, 21.0, 21.0, 5.0, 5.0, 5.0, 21.0, 5.0, 5.0, 5.0, 5.0, 21.0, 21.0, 5.0, 5.0, 21.0, 5.0, 21.0, 5.0, 5.0, 21.0, 5.0, 5.0, 21.0]",10.942857142857143
120.9999999999974,3469,35.94270922551934,64.13267497929586,0.0,12.963116136326871,37.749172176353746,1945,1524,0,0,[],0.0,[],0.0,30,"[0.5, 0.1, 0.1, 0.1, 0.1, 0.1, 0.1, 0.1, 0.5, 0.5, 0.5, 0.5, 0.1, 0.1, 0.1, 0.1, 0.1, 0.5, 0.5, 0.1, 0.5, 0.1, 0.5, 0.1, 0.5, 0.1, 0.5, 0.1, 0.5, 0.1]",0.25999999999999995,"[21.0, 5.0, 5.0, 5.0, 5.0, 5.0, 5.0, 5.0, 21.0, 21.0, 21.0, 21.0, 5.0, 5.0, 5.0, 5.0, 5.0, 21.0, 21.0, 5.0, 21.0, 5.0, 21.0, 5.0, 21.0, 5.0, 21.0, 5.0, 21.0, 5.0]",11.4
121.99999999999734,3497,36.082321769151235,64.15605972938177,0.0,13.007564690993696,37.986839826445156,1945,1552,0,0,[],0.0,[],0.0,34,"[0.5, 0.1, 0.1, 0.1, 0.1, 0.1, 0.1, 0.1, 0.5, 0.5, 0.5, 0.5, 0.1, 0.1, 0.1, 0.1, 0.1, 0.5, 0.5, 0.1, 0.5, 0.1, 0.5, 0.1, 0.5, 0.1, 0.5, 0.1, 0.5, 0.1, 0.5, 0.1, 0.1, 0.5]",0.2647058823529412,"[21.0, 5.0, 5.0, 5.0, 5.0, 5.0, 5.0, 5.0, 21.0, 21.0, 21.0, 21.0, 5.0, 5.0, 5.0, 5.0, 5.0, 21.0, 21.0, 5.0, 21.0, 5.0, 21.0, 5.0, 21.0, 5.0, 21.0, 5.0, 21.0, 5.0, 21.0, 5.0, 5.0, 21.0]",11.588235294117647
122.99999999999729,3539,36.29493316449568,64.15605972938177,0.0,13.081620749603033,38.22302970723278,1945,1594,0,0,[],0.0,[],0.0,41,"[0.1, 0.1, 0.1, 0.1, 0.1, 0.1, 0.1, 0.5, 0.5, 0.5, 0.5, 0.1, 0.1, 0.1, 0.1, 0.1, 0.5, 0.5, 0.1, 0.5, 0.1, 0.5, 0.1, 0.5, 0.1, 0.5, 0.1, 0.5, 0.1, 0.5, 0.1, 0.1, 0.5, 0.5, 0.5, 0.1, 0.1, 0.5, 0.5, 0.5, 0.5]",0.2853658536585366,"[5.0, 5.0, 5.0, 5.0, 5.0, 5.0, 5.0, 21.0, 21.0, 21.0, 21.0, 5.0, 5.0, 5.0, 5.0, 5.0, 21.0, 21.0, 5.0, 21.0, 5.0, 21.0, 5.0, 21.0, 5.0, 21.0, 5.0, 21.0, 5.0, 21.0, 5.0, 5.0, 21.0, 21.0, 21.0, 5.0, 5.0, 21.0, 21.0, 21.0, 21.0]",12.414634146341463
123.99999999999723,3558,36.38805885009123,64.15605972938177,0.0,13.111446003115669,38.301436004411116,1945,1613,0,0,[],0.0,[],0.0,43,"[0.1, 0.1, 0.1, 0.1, 0.1, 0.1, 0.5, 0.5, 0.5, 0.5, 0.1, 0.1, 0.1, 0.1, 0.5, 0.5, 0.1, 0.5, 0.1, 0.5, 0.1, 0.5, 0.1, 0.5, 0.1, 0.5, 0.1, 0.5, 0.1, 0.1, 0.5, 0.5, 0.5, 0.1, 0.1, 0.5, 0.5, 0.5, 0.5, 0.5, 0.1, 0.1, 0.1]",0.28604651162790695,"[5.0, 5.0, 5.0, 5.0, 5.0, 5.0, 21.0, 21.0, 21.0, 21.0, 5.0, 5.0, 5.0, 5.0, 21.0, 21.0, 5.0, 21.0, 5.0, 21.0, 5.0, 21.0, 5.0, 21.0, 5.0, 21.0, 5.0, 21.0, 5.0, 5.0, 21.0, 21.0, 21.0, 5.0, 5.0, 21.0, 21.0, 21.0, 21.0, 21.0, 5.0, 5.0, 5.0]",12.44186046511628
124.99999999999717,3580,36.50582848358373,64.15605972938177,0.0,13.16021453106685,38.57460304397182,1945,1635,0,0,[],0.0,[],0.0,42,"[0.1, 0.1, 0.1, 0.1, 0.5, 0.5, 0.5, 0.1, 0.1, 0.1, 0.1, 0.5, 0.5, 0.1, 0.5, 0.1, 0.1, 0.1, 0.5, 0.1, 0.5, 0.1, 0.5, 0.1, 0.1, 0.5, 0.5, 0.5, 0.1, 0.1, 0.5, 0.5, 0.5, 0.5, 0.5, 0.1, 0.1, 0.1, 0.5, 0.1, 0.1, 0.5]",0.28095238095238095,"[5.0, 5.0, 5.0, 5.0, 21.0, 21.0, 21.0, 5.0, 5.0, 5.0, 5.0, 21.0, 21.0, 5.0, 21.0, 5.0, 5.0, 5.0, 21.0, 5.0, 21.0, 5.0, 21.0, 5.0, 5.0, 21.0, 21.0, 21.0, 5.0, 5.0, 21.0, 21.0, 21.0, 21.0, 21.0, 5.0, 5.0, 5.0, 21.0, 5.0, 5.0, 21.0]",12.238095238095237
125.99999999999712,3619,36.697076583599376,65.81793068761733,0.0,13.223059434412379,38.691084244306204,1945,1674,0,0,[],0.0,[],0.0,27,"[0.1, 0.5, 0.1, 0.1, 0.1, 0.5, 0.5, 0.5, 0.1, 0.1, 0.5, 0.5, 0.5, 0.1, 0.1, 0.5, 0.5, 0.5, 0.1, 0.5, 0.1, 0.1, 0.5, 0.1, 0.1, 0.5, 0.5]",0.3074074074074074,"[5.0, 21.0, 5.0, 5.0, 5.0, 21.0, 21.0, 21.0, 5.0, 5.0, 21.0, 21.0, 21.0, 5.0, 5.0, 21.0, 21.0, 21.0, 5.0, 21.0, 5.0, 5.0, 21.0, 5.0, 5.0, 21.0, 21.0]",13.296296296296296
126.99999999999706,3651,36.86784191297018,67.50555532695068,0.0,13.295906573530026,39.0,1945,1706,0,0,[],0.0,[],0.0,17,"[0.1, 0.5, 0.1, 0.5, 0.5, 0.1, 0.5, 0.5, 0.5, 0.1, 0.1, 0.5, 0.5, 0.1, 0.1, 0.1, 0.5]",0.31176470588235294,"[5.0, 21.0, 5.0, 21.0, 21.0, 5.0, 21.0, 21.0, 21.0, 5.0, 5.0, 21.0, 21.0, 5.0, 5.0, 5.0, 21.0]",13.470588235294118
127.999999999997,3683,37.025032633623844,67.50555532695068,0.0,13.347577277935732,39.03844259188627,1945,1738,0,0,[],0.0,[],0.0,19,"[0.1, 0.5, 0.1, 0.5, 0.5, 0.1, 0.5, 0.5, 0.5, 0.1, 0.1, 0.5, 0.5, 0.1, 0.1, 0.1, 0.5, 0.5, 0.1]",0.31052631578947365,"[5.0, 21.0, 5.0, 21.0, 21.0, 5.0, 21.0, 21.0, 21.0, 5.0, 5.0, 21.0, 21.0, 5.0, 5.0, 5.0, 21.0, 21.0, 5.0]",13.421052631578947
128.99999999999696,3714,37.174093346811034,67.50555532695068,0.0,13.392497791291676,39.153543900903784,1945,1769,0,0,[],0.0,[],0.0,19,"[0.1, 0.5, 0.1, 0.5, 0.5, 0.1, 0.5, 0.5, 0.5, 0.1, 0.1, 0.5, 0.5, 0.1, 0.1, 0.1, 0.5, 0.5, 0.1]",0.31052631578947365,"[5.0, 21.0, 5.0, 21.0, 21.0, 5.0, 21.0, 21.0, 21.0, 5.0, 5.0, 21.0, 21.0, 5.0, 5.0, 5.0, 21.0, 21.0, 5.0]",13.421052631578947
129.9999999999969,3751,37.37206381858681,67.50555532695068,0.0,13.479968264794973,39.230090491866065,1945,1806,0,0,[],0.0,[],0.0,27,"[0.5, 0.1, 0.5, 0.5, 0.1, 0.5, 0.5, 0.5, 0.1, 0.1, 0.5, 0.5, 0.1, 0.1, 0.1, 0.5, 0.5, 0.1, 0.5, 0.1, 0.5, 0.5, 0.5, 0.5, 0.1, 0.1, 0.5]",0.337037037037037,"[21.0, 5.0, 21.0, 21.0, 5.0, 21.0, 21.0, 21.0, 5.0, 5.0, 21.0, 21.0, 5.0, 5.0, 5.0, 21.0, 21.0, 5.0, 21.0, 5.0, 21.0, 21.0, 21.0, 21.0, 5.0, 5.0, 21.0]",14.481481481481481
130.99999999999685,3787,37.54479400801163,67.50555532695068,0.0,13.53457984803399,39.61060464067672,1945,1842,0,0,[],0.0,[],0.0,28,"[0.5, 0.1, 0.5, 0.5, 0.1, 0.5, 0.5, 0.5, 0.1, 0.5, 0.5, 0.1, 0.1, 0.1, 0.5, 0.5, 0.1, 0.5, 0.1, 0.5, 0.5, 0.5, 0.5, 0.1, 0.1, 0.5, 0.1, 0.1]",0.32857142857142857,"[21.0, 5.0, 21.0, 21.0, 5.0, 21.0, 21.0, 21.0, 5.0, 21.0, 21.0, 5.0, 5.0, 5.0, 21.0, 21.0, 5.0, 21.0, 5.0, 21.0, 21.0, 21.0, 21.0, 5.0, 5.0, 21.0, 5.0, 5.0]",14.142857142857142
131.9999999999968,3823,37.721502258400164,67.50555532695068,0.0,13.596521825177073,39.68626966596886,1945,1878,0,0,[],0.0,[],0.0,29,"[0.1, 0.5, 0.5, 0.5, 0.5, 0.5, 0.1, 0.5, 0.5, 0.1, 0.1, 0.1, 0.5, 0.5, 0.1, 0.5, 0.1, 0.5, 0.5, 0.5, 0.5, 0.1, 0.1, 0.5, 0.1, 0.1, 0.1, 0.1, 0.5]",0.32068965517241377,"[5.0, 21.0, 21.0, 21.0, 21.0, 21.0, 5.0, 21.0, 21.0, 5.0, 5.0, 5.0, 21.0, 21.0, 5.0, 21.0, 5.0, 21.0, 21.0, 21.0, 21.0, 5.0, 5.0, 21.0, 5.0, 5.0, 5.0, 5.0, 21.0]",13.827586206896552
132.99999999999673,3851,37.86644544553589,67.50555532695068,0.0,13.657042409420422,39.949968710876355,1945,1906,0,0,[],0.0,[],0.0,31,"[0.1, 0.5, 0.5, 0.5, 0.5, 0.1, 0.5, 0.5, 0.1, 0.1, 0.5, 0.1, 0.5, 0.1, 0.5, 0.5, 0.5, 0.5, 0.1, 0.1, 0.5, 0.1, 0.1, 0.1, 0.5, 0.5, 0.1, 0.1, 0.5, 0.1, 0.5]",0.31935483870967735,"[5.0, 21.0, 21.0, 21.0, 21.0, 5.0, 21.0, 21.0, 5.0, 5.0, 21.0, 5.0, 21.0, 5.0, 21.0, 21.0, 21.0, 21.0, 5.0, 5.0, 21.0, 5.0, 5.0, 5.0, 21.0, 21.0, 5.0, 5.0, 21.0, 5.0, 21.0]",13.774193548387096
133.99999999999667,3878,37.99435609360838,67.50555532695068,0.0,13.699072725236185,39.949968710876355,1945,1933,0,0,[],0.0,[],0.0,35,"[0.1, 0.5, 0.5, 0.5, 0.5, 0.1, 0.5, 0.1, 0.1, 0.5, 0.1, 0.5, 0.1, 0.5, 0.5, 0.5, 0.5, 0.1, 0.1, 0.5, 0.1, 0.1, 0.1, 0.5, 0.5, 0.1, 0.1, 0.5, 0.1, 0.5, 0.1, 0.5, 0.1, 0.5, 0.1]",0.3057142857142857,"[5.0, 21.0, 21.0, 21.0, 21.0, 5.0, 21.0, 5.0, 5.0, 21.0, 5.0, 21.0, 5.0, 21.0, 21.0, 21.0, 21.0, 5.0, 5.0, 21.0, 5.0, 5.0, 5.0, 21.0, 21.0, 5.0, 5.0, 21.0, 5.0, 21.0, 5.0, 21.0, 5.0, 21.0, 5.0]",13.228571428571428
134.99999999999662,3912,38.16359787629174,67.50555532695068,0.0,13.764671354769018,40.28647415696737,1945,1967,0,0,[],0.0,[],0.0,43,"[0.1, 0.5, 0.5, 0.5, 0.1, 0.5, 0.1, 0.1, 0.5, 0.1, 0.5, 0.1, 0.5, 0.5, 0.5, 0.5, 0.1, 0.1, 0.5, 0.1, 0.1, 0.1, 0.5, 0.5, 0.1, 0.1, 0.5, 0.1, 0.5, 0.1, 0.5, 0.1, 0.5, 0.1, 0.5, 0.5, 0.1, 0.1, 0.5, 0.1, 0.5, 0.1, 0.5]",0.30465116279069765,"[5.0, 21.0, 21.0, 21.0, 5.0, 21.0, 5.0, 5.0, 21.0, 5.0, 21.0, 5.0, 21.0, 21.0, 21.0, 21.0, 5.0, 5.0, 21.0, 5.0, 5.0, 5.0, 21.0, 21.0, 5.0, 5.0, 21.0, 5.0, 21.0, 5.0, 21.0, 5.0, 21.0, 5.0, 21.0, 21.0, 5.0, 5.0, 21.0, 5.0, 21.0, 5.0, 21.0]",13.186046511627907
135.99999999999656,3943,38.309794817759446,67.50555532695068,0.0,13.81167477362415,40.50925820105819,1945,1998,0,0,[],0.0,[],0.0,47,"[0.1, 0.5, 0.5, 0.5, 0.1, 0.5, 0.1, 0.1, 0.5, 0.1, 0.5, 0.1, 0.5, 0.5, 0.5, 0.5, 0.1, 0.1, 0.5, 0.1, 0.1, 0.1, 0.5, 0.5, 0.1, 0.1, 0.5, 0.1, 0.5, 0.1, 0.5, 0.1, 0.5, 0.1, 0.5, 0.5, 0.1, 0.1, 0.5, 0.1, 0.5, 0.1, 0.5, 0.1, 0.5, 0.5, 0.5]",0.3127659574468085,"[5.0, 21.0, 21.0, 21.0, 5.0, 21.0, 5.0, 5.0, 21.0, 5.0, 21.0, 5.0, 21.0, 21.0, 21.0, 21.0, 5.0, 5.0, 21.0, 5.0, 5.0, 5.0, 21.0, 21.0, 5.0, 5.0, 21.0, 5.0, 21.0, 5.0, 21.0, 5.0, 21.0, 5.0, 21.0, 21.0, 5.0, 5.0, 21.0, 5.0, 21.0, 5.0, 21.0, 5.0, 21.0, 21.0, 21.0]",13.51063829787234
136.9999999999965,3984,38.50945059078255,67.50555532695068,0.0,13.883918000748189,40.58324777540605,1945,2039,0,0,[],0.0,[],0.0,50,"[0.5, 0.5, 0.5, 0.1, 0.5, 0.1, 0.1, 0.5, 0.1, 0.5, 0.1, 0.5, 0.5, 0.5, 0.1, 0.1, 0.5, 0.1, 0.1, 0.5, 0.5, 0.1, 0.1, 0.5, 0.1, 0.5, 0.1, 0.5, 0.1, 0.5, 0.1, 0.5, 0.5, 0.1, 0.1, 0.5, 0.1, 0.5, 0.1, 0.5, 0.1, 0.5, 0.5, 0.5, 0.1, 0.5, 0.1, 0.5, 0.1, 0.1]",0.308,"[21.0, 21.0, 21.0, 5.0, 21.0, 5.0, 5.0, 21.0, 5.0, 21.0, 5.0, 21.0, 21.0, 21.0, 5.0, 5.0, 21.0, 5.0, 5.0, 21.0, 21.0, 5.0, 5.0, 21.0, 5.0, 21.0, 5.0, 21.0, 5.0, 21.0, 5.0, 21.0, 21.0, 5.0, 5.0, 21.0, 5.0, 21.0, 5.0, 21.0, 5.0, 21.0, 21.0, 21.0, 5.0, 21.0, 5.0, 21.0, 5.0, 5.0]",13.32
137.99999999999645,4015,38.65812280921897,67.50555532695068,0.0,13.935453469758965,40.7308237088326,1945,2070,0,0,[],0.0,[],0.0,50,"[0.5, 0.5, 0.5, 0.1, 0.1, 0.5, 0.5, 0.5, 0.5, 0.5, 0.1, 0.1, 0.5, 0.1, 0.1, 0.5, 0.5, 0.1, 0.1, 0.5, 0.1, 0.5, 0.1, 0.5, 0.1, 0.5, 0.1, 0.5, 0.5, 0.1, 0.1, 0.5, 0.1, 0.5, 0.1, 0.1, 0.5, 0.5, 0.5, 0.1, 0.5, 0.1, 0.5, 0.1, 0.1, 0.5, 0.5, 0.1, 0.5, 0.1]",0.316,"[21.0, 21.0, 21.0, 5.0, 5.0, 21.0, 21.0, 21.0, 21.0, 21.0, 5.0, 5.0, 21.0, 5.0, 5.0, 21.0, 21.0, 5.0, 5.0, 21.0, 5.0, 21.0, 5.0, 21.0, 5.0, 21.0, 5.0, 21.0, 21.0, 5.0, 5.0, 21.0, 5.0, 21.0, 5.0, 5.0, 21.0, 21.0, 21.0, 5.0, 21.0, 5.0, 21.0, 5.0, 5.0, 21.0, 21.0, 5.0, 21.0, 5.0]",13.64
138.9999999999964,4046,38.80245098297029,67.61656601750786,0.0,13.982221618608893,40.84115571332428,1945,2101,0,0,[],0.0,[],0.0,51,"[0.5, 0.5, 0.1, 0.5, 0.5, 0.5, 0.5, 0.5, 0.1, 0.1, 0.5, 0.1, 0.1, 0.5, 0.5, 0.1, 0.1, 0.5, 0.1, 0.5, 0.1, 0.5, 0.1, 0.5, 0.1, 0.5, 0.1, 0.1, 0.5, 0.1, 0.5, 0.1, 0.1, 0.5, 0.5, 0.5, 0.1, 0.5, 0.1, 0.5, 0.1, 0.1, 0.5, 0.5, 0.1, 0.5, 0.1, 0.1, 0.1, 0.1, 0.1]",0.296078431372549,"[21.0, 21.0, 5.0, 21.0, 21.0, 21.0, 21.0, 21.0, 5.0, 5.0, 21.0, 5.0, 5.0, 21.0, 21.0, 5.0, 5.0, 21.0, 5.0, 21.0, 5.0, 21.0, 5.0, 21.0, 5.0, 21.0, 5.0, 5.0, 21.0, 5.0, 21.0, 5.0, 5.0, 21.0, 21.0, 21.0, 5.0, 21.0, 5.0, 21.0, 5.0, 5.0, 21.0, 21.0, 5.0, 21.0, 5.0, 5.0, 5.0, 5.0, 5.0]",12.843137254901961
139.99999999999633,4079,38.956460464058424,67.61656601750786,0.0,14.032803069180332,40.95119045888654,1945,2134,0,0,[],0.0,[],0.0,53,"[0.1, 0.5, 0.5, 0.5, 0.5, 0.5, 0.1, 0.1, 0.5, 0.1, 0.1, 0.5, 0.5, 0.1, 0.1, 0.5, 0.1, 0.5, 0.1, 0.5, 0.5, 0.1, 0.5, 0.1, 0.1, 0.5, 0.1, 0.5, 0.1, 0.1, 0.5, 0.5, 0.5, 0.1, 0.5, 0.1, 0.5, 0.1, 0.1, 0.5, 0.5, 0.1, 0.5, 0.1, 0.1, 0.1, 0.1, 0.1, 0.5, 0.5, 0.1, 0.5, 0.5]",0.3037735849056604,"[5.0, 21.0, 21.0, 21.0, 21.0, 21.0, 5.0, 5.0, 21.0, 5.0, 5.0, 21.0, 21.0, 5.0, 5.0, 21.0, 5.0, 21.0, 5.0, 21.0, 21.0, 5.0, 21.0, 5.0, 5.0, 21.0, 5.0, 21.0, 5.0, 5.0, 21.0, 21.0, 21.0, 5.0, 21.0, 5.0, 21.0, 5.0, 5.0, 21.0, 21.0, 5.0, 21.0, 5.0, 5.0, 5.0, 5.0, 5.0, 21.0, 21.0, 5.0, 21.0, 21.0]",13.150943396226415
140.99999999999628,4113,39.12034086093756,67.61656601750786,0.0,14.092383898796063,41.243181254602554,1945,2168,0,0,[],0.0,[],0.0,60,"[0.1, 0.5, 0.5, 0.5, 0.5, 0.5, 0.1, 0.1, 0.5, 0.1, 0.1, 0.5, 0.5, 0.1, 0.1, 0.5, 0.1, 0.5, 0.1, 0.5, 0.5, 0.1, 0.5, 0.1, 0.1, 0.5, 0.1, 0.5, 0.1, 0.1, 0.5, 0.5, 0.5, 0.1, 0.5, 0.1, 0.5, 0.1, 0.1, 0.5, 0.5, 0.5, 0.1, 0.1, 0.1, 0.1, 0.1, 0.5, 0.5, 0.1, 0.5, 0.5, 0.1, 0.1, 0.1, 0.1, 0.1, 0.5, 0.5, 0.1]",0.29333333333333333,"[5.0, 21.0, 21.0, 21.0, 21.0, 21.0, 5.0, 5.0, 21.0, 5.0, 5.0, 21.0, 21.0, 5.0, 5.0, 21.0, 5.0, 21.0, 5.0, 21.0, 21.0, 5.0, 21.0, 5.0, 5.0, 21.0, 5.0, 21.0, 5.0, 5.0, 21.0, 21.0, 21.0, 5.0, 21.0, 5.0, 21.0, 5.0, 5.0, 21.0, 21.0, 21.0, 5.0, 5.0, 5.0, 5.0, 5.0, 21.0, 21.0, 5.0, 21.0, 21.0, 5.0, 5.0, 5.0, 5.0, 5.0, 21.0, 21.0, 5.0]",12.733333333333333
141.99999999999622,4146,39.266648360941154,67.61656601750786,0.0,14.134180000922827,41.38840417314975,1945,2201,0,0,[],0.0,[],0.0,59,"[0.1, 0.5, 0.5, 0.1, 0.1, 0.5, 0.1, 0.5, 0.5, 0.1, 0.1, 0.5, 0.1, 0.5, 0.1, 0.5, 0.5, 0.1, 0.5, 0.1, 0.1, 0.5, 0.1, 0.5, 0.1, 0.1, 0.5, 0.5, 0.5, 0.1, 0.5, 0.5, 0.1, 0.1, 0.5, 0.5, 0.5, 0.1, 0.1, 0.1, 0.1, 0.1, 0.5, 0.5, 0.1, 0.5, 0.5, 0.1, 0.1, 0.1, 0.1, 0.1, 0.5, 0.5, 0.1, 0.1, 0.5, 0.1, 0.1]",0.28305084745762715,"[5.0, 21.0, 21.0, 5.0, 5.0, 21.0, 5.0, 21.0, 21.0, 5.0, 5.0, 21.0, 5.0, 21.0, 5.0, 21.0, 21.0, 5.0, 21.0, 5.0, 5.0, 21.0, 5.0, 21.0, 5.0, 5.0, 21.0, 21.0, 21.0, 5.0, 21.0, 21.0, 5.0, 5.0, 21.0, 21.0, 21.0, 5.0, 5.0, 5.0, 5.0, 5.0, 21.0, 21.0, 5.0, 21.0, 21.0, 5.0, 5.0, 5.0, 5.0, 5.0, 21.0, 21.0, 5.0, 5.0, 21.0, 5.0, 5.0]",12.322033898305085
142.99999999999616,4178,39.410826408702704,68.69497798238238,0.0,14.178578718551822,41.60528812542944,1945,2233,0,0,[],0.0,[],0.0,48,"[0.1, 0.5, 0.5, 0.1, 0.1, 0.5, 0.1, 0.5, 0.5, 0.1, 0.1, 0.5, 0.1, 0.5, 0.5, 0.1, 0.5, 0.1, 0.1, 0.5, 0.1, 0.5, 0.1, 0.5, 0.5, 0.1, 0.5, 0.1, 0.5, 0.5, 0.1, 0.1, 0.1, 0.5, 0.5, 0.5, 0.1, 0.1, 0.1, 0.5, 0.1, 0.1, 0.5, 0.1, 0.1, 0.5, 0.1, 0.5]",0.2916666666666667,"[5.0, 21.0, 21.0, 5.0, 5.0, 21.0, 5.0, 21.0, 21.0, 5.0, 5.0, 21.0, 5.0, 21.0, 21.0, 5.0, 21.0, 5.0, 5.0, 21.0, 5.0, 21.0, 5.0, 21.0, 21.0, 5.0, 21.0, 5.0, 21.0, 21.0, 5.0, 5.0, 5.0, 21.0, 21.0, 21.0, 5.0, 5.0, 5.0, 21.0, 5.0, 5.0, 21.0, 5.0, 5.0, 21.0, 5.0, 21.0]",12.666666666666666
143.9999999999961,4223,39.6181343461658,68.69497798238238,0.0,14.248203137197416,42.0,1945,2278,0,0,[],0.0,[],0.0,46,"[0.1, 0.5, 0.5, 0.1, 0.5, 0.1, 0.1, 0.5, 0.1, 0.5, 0.1, 0.5, 0.1, 0.1, 0.5, 0.1, 0.1, 0.5, 0.5, 0.1, 0.5, 0.1, 0.5, 0.5, 0.1, 0.1, 0.1, 0.5, 0.5, 0.5, 0.1, 0.1, 0.5, 0.1, 0.5, 0.1, 0.1, 0.5, 0.1, 0.5, 0.5, 0.1, 0.5, 0.1, 0.1, 0.5]",0.29130434782608694,"[5.0, 21.0, 21.0, 5.0, 21.0, 5.0, 5.0, 21.0, 5.0, 21.0, 5.0, 21.0, 5.0, 5.0, 21.0, 5.0, 5.0, 21.0, 21.0, 5.0, 21.0, 5.0, 21.0, 21.0, 5.0, 5.0, 5.0, 21.0, 21.0, 21.0, 5.0, 5.0, 21.0, 5.0, 21.0, 5.0, 5.0, 21.0, 5.0, 21.0, 21.0, 5.0, 21.0, 5.0, 5.0, 21.0]",12.652173913043478
144.99999999999605,4257,39.782184646288044,68.69497798238238,0.0,14.311619898540478,42.035699113967404,1945,2312,0,0,[],0.0,[],0.0,54,"[0.1, 0.5, 0.5, 0.1, 0.5, 0.1, 0.1, 0.5, 0.1, 0.5, 0.5, 0.1, 0.1, 0.5, 0.1, 0.1, 0.5, 0.5, 0.1, 0.5, 0.5, 0.5, 0.1, 0.1, 0.1, 0.5, 0.5, 0.5, 0.1, 0.1, 0.5, 0.1, 0.5, 0.1, 0.1, 0.5, 0.1, 0.5, 0.5, 0.1, 0.5, 0.1, 0.1, 0.5, 0.5, 0.1, 0.1, 0.1, 0.5, 0.5, 0.1, 0.5, 0.1, 0.1]",0.29259259259259257,"[5.0, 21.0, 21.0, 5.0, 21.0, 5.0, 5.0, 21.0, 5.0, 21.0, 21.0, 5.0, 5.0, 21.0, 5.0, 5.0, 21.0, 21.0, 5.0, 21.0, 21.0, 21.0, 5.0, 5.0, 5.0, 21.0, 21.0, 21.0, 5.0, 5.0, 21.0, 5.0, 21.0, 5.0, 5.0, 21.0, 5.0, 21.0, 21.0, 5.0, 21.0, 5.0, 5.0, 21.0, 21.0, 5.0, 5.0, 5.0, 21.0, 21.0, 5.0, 21.0, 5.0, 5.0]",12.703703703703704
145.999999999996,4292,39.94038031715749,69.73521348644456,0.0,14.363400002652439,42.035699113967404,1945,2347,0,0,[],0.0,[],0.0,43,"[0.1, 0.5, 0.1, 0.1, 0.5, 0.5, 0.1, 0.1, 0.5, 0.1, 0.1, 0.5, 0.5, 0.1, 0.1, 0.5, 0.5, 0.1, 0.1, 0.5, 0.1, 0.1, 0.1, 0.5, 0.1, 0.5, 0.5, 0.1, 0.5, 0.1, 0.1, 0.5, 0.5, 0.1, 0.1, 0.1, 0.5, 0.1, 0.1, 0.1, 0.5, 0.5, 0.1]",0.26744186046511625,"[5.0, 21.0, 5.0, 5.0, 21.0, 21.0, 5.0, 5.0, 21.0, 5.0, 5.0, 21.0, 21.0, 5.0, 5.0, 21.0, 21.0, 5.0, 5.0, 21.0, 5.0, 5.0, 5.0, 21.0, 5.0, 21.0, 21.0, 5.0, 21.0, 5.0, 5.0, 21.0, 21.0, 5.0, 5.0, 5.0, 21.0, 5.0, 5.0, 5.0, 21.0, 21.0, 5.0]",11.69767441860465
146.99999999999594,4333,40.13908327508416,69.73521348644456,0.0,14.443187565128756,42.320207938997655,1945,2388,0,0,[],0.0,[],0.0,45,"[0.5, 0.1, 0.1, 0.5, 0.1, 0.5, 0.1, 0.1, 0.5, 0.5, 0.1, 0.1, 0.5, 0.5, 0.1, 0.1, 0.5, 0.1, 0.1, 0.1, 0.5, 0.1, 0.5, 0.1, 0.5, 0.1, 0.1, 0.5, 0.1, 0.1, 0.1, 0.5, 0.1, 0.1, 0.5, 0.5, 0.1, 0.5, 0.1, 0.5, 0.1, 0.5, 0.1, 0.1, 0.1]",0.26,"[21.0, 5.0, 5.0, 21.0, 5.0, 21.0, 5.0, 5.0, 21.0, 21.0, 5.0, 5.0, 21.0, 21.0, 5.0, 5.0, 21.0, 5.0, 5.0, 5.0, 21.0, 5.0, 21.0, 5.0, 21.0, 5.0, 5.0, 21.0, 5.0, 5.0, 5.0, 21.0, 5.0, 5.0, 21.0, 21.0, 5.0, 21.0, 5.0, 21.0, 5.0, 21.0, 5.0, 5.0, 5.0]",11.4
147.99999999999588,4375,40.33323036336487,69.73521348644456,0.0,14.512509378317114,42.53234063627347,1945,2430,0,0,[],0.0,[],0.0,52,"[0.1, 0.1, 0.5, 0.1, 0.5, 0.1, 0.5, 0.5, 0.1, 0.1, 0.5, 0.5, 0.1, 0.1, 0.5, 0.1, 0.1, 0.1, 0.5, 0.1, 0.5, 0.1, 0.5, 0.1, 0.5, 0.1, 0.1, 0.1, 0.5, 0.1, 0.1, 0.5, 0.5, 0.1, 0.5, 0.1, 0.5, 0.1, 0.5, 0.1, 0.1, 0.1, 0.5, 0.1, 0.1, 0.5, 0.5, 0.1, 0.5, 0.5, 0.5, 0.5]",0.2846153846153846,"[5.0, 5.0, 21.0, 5.0, 21.0, 5.0, 21.0, 21.0, 5.0, 5.0, 21.0, 21.0, 5.0, 5.0, 21.0, 5.0, 5.0, 5.0, 21.0, 5.0, 21.0, 5.0, 21.0, 5.0, 21.0, 5.0, 5.0, 5.0, 21.0, 5.0, 5.0, 21.0, 21.0, 5.0, 21.0, 5.0, 21.0, 5.0, 21.0, 5.0, 5.0, 5.0, 21.0, 5.0, 5.0, 21.0, 21.0, 5.0, 21.0, 21.0, 21.0, 21.0]",12.384615384615385
148.99999999999582,4413,40.507559898813696,71.58212067269312,0.0,14.575022086235226,42.567593307585526,1945,2468,0,0,[],0.0,[],0.0,36,"[0.1, 0.5, 0.5, 0.5, 0.1, 0.1, 0.5, 0.1, 0.5, 0.1, 0.1, 0.1, 0.5, 0.5, 0.1, 0.5, 0.1, 0.1, 0.1, 0.1, 0.5, 0.1, 0.1, 0.1, 0.5, 0.1, 0.1, 0.5, 0.5, 0.1, 0.5, 0.5, 0.1, 0.1, 0.5, 0.1]",0.26666666666666666,"[5.0, 21.0, 21.0, 21.0, 5.0, 5.0, 21.0, 5.0, 21.0, 5.0, 5.0, 5.0, 21.0, 21.0, 5.0, 21.0, 5.0, 5.0, 5.0, 5.0, 21.0, 5.0, 5.0, 5.0, 21.0, 5.0, 5.0, 21.0, 21.0, 5.0, 21.0, 21.0, 5.0, 5.0, 21.0, 5.0]",11.666666666666666
149.99999999999577,4443,40.641844897300146,71.58212067269312,0.0,14.619275811336104,42.88356328478313,1945,2498,0,0,[],0.0,[],0.0,38,"[0.1, 0.5, 0.5, 0.5, 0.1, 0.5, 0.1, 0.5, 0.1, 0.1, 0.5, 0.5, 0.1, 0.5, 0.1, 0.1, 0.1, 0.1, 0.5, 0.1, 0.1, 0.1, 0.5, 0.1, 0.1, 0.5, 0.5, 0.1, 0.5, 0.5, 0.1, 0.1, 0.5, 0.1, 0.1, 0.5, 0.1, 0.5]",0.2789473684210526,"[5.0, 21.0, 21.0, 21.0, 5.0, 21.0, 5.0, 21.0, 5.0, 5.0, 21.0, 21.0, 5.0, 21.0, 5.0, 5.0, 5.0, 5.0, 21.0, 5.0, 5.0, 5.0, 21.0, 5.0, 5.0, 21.0, 21.0, 5.0, 21.0, 21.0, 5.0, 5.0, 21.0, 5.0, 5.0, 21.0, 5.0, 21.0]",12.157894736842104
150.9999999999957,4481,40.81590890474852,73.25981162956946,0.0,14.682840107571364,43.09292285283048,1945,2536,0,0,[],0.0,[],0.0,28,"[0.5, 0.1, 0.5, 0.1, 0.5, 0.5, 0.1, 0.1, 0.1, 0.1, 0.1, 0.1, 0.5, 0.1, 0.1, 0.1, 0.5, 0.5, 0.1, 0.1, 0.5, 0.1, 0.1, 0.5, 0.5, 0.1, 0.1, 0.5]",0.2571428571428571,"[21.0, 5.0, 21.0, 5.0, 21.0, 21.0, 5.0, 5.0, 5.0, 5.0, 5.0, 5.0, 21.0, 5.0, 5.0, 5.0, 21.0, 21.0, 5.0, 5.0, 21.0, 5.0, 5.0, 21.0, 21.0, 5.0, 5.0, 21.0]",11.285714285714286
151.99999999999565,4512,40.95753748990038,73.25981162956946,0.0,14.733900893156637,43.266615305567875,1945,2567,0,0,[],0.0,[],0.0,29,"[0.5, 0.1, 0.5, 0.1, 0.5, 0.5, 0.1, 0.1, 0.1, 0.1, 0.1, 0.1, 0.1, 0.1, 0.1, 0.5, 0.5, 0.1, 0.1, 0.5, 0.1, 0.1, 0.5, 0.5, 0.1, 0.1, 0.5, 0.1, 0.5]",0.25172413793103443,"[21.0, 5.0, 21.0, 5.0, 21.0, 21.0, 5.0, 5.0, 5.0, 5.0, 5.0, 5.0, 5.0, 5.0, 5.0, 21.0, 21.0, 5.0, 5.0, 21.0, 5.0, 5.0, 21.0, 21.0, 5.0, 5.0, 21.0, 5.0, 21.0]",11.068965517241379
152.9999999999956,4541,41.07895631113457,73.25981162956946,0.0,14.76778606228961,43.40506882842141,1945,2596,0,0,[],0.0,[],0.0,31,"[0.5, 0.1, 0.5, 0.1, 0.5, 0.5, 0.1, 0.1, 0.1, 0.1, 0.1, 0.1, 0.1, 0.1, 0.5, 0.5, 0.1, 0.1, 0.5, 0.1, 0.1, 0.5, 0.5, 0.1, 0.1, 0.5, 0.1, 0.5, 0.1, 0.1, 0.1]",0.2419354838709677,"[21.0, 5.0, 21.0, 5.0, 21.0, 21.0, 5.0, 5.0, 5.0, 5.0, 5.0, 5.0, 5.0, 5.0, 21.0, 21.0, 5.0, 5.0, 21.0, 5.0, 5.0, 21.0, 21.0, 5.0, 5.0, 21.0, 5.0, 21.0, 5.0, 5.0, 5.0]",10.67741935483871
153.99999999999554,4575,41.23129005415618,73.25981162956946,0.0,14.819959928195487,43.57751713900185,1945,2630,0,0,[],0.0,[],0.0,32,"[0.5, 0.1, 0.5, 0.1, 0.5, 0.5, 0.1, 0.1, 0.1, 0.1, 0.1, 0.1, 0.1, 0.5, 0.5, 0.1, 0.1, 0.5, 0.1, 0.5, 0.5, 0.1, 0.1, 0.5, 0.1, 0.5, 0.1, 0.1, 0.1, 0.1, 0.1, 0.1]",0.2375,"[21.0, 5.0, 21.0, 5.0, 21.0, 21.0, 5.0, 5.0, 5.0, 5.0, 5.0, 5.0, 5.0, 21.0, 21.0, 5.0, 5.0, 21.0, 5.0, 21.0, 21.0, 5.0, 5.0, 21.0, 5.0, 21.0, 5.0, 5.0, 5.0, 5.0, 5.0, 5.0]",10.5
154.99999999999548,4606,41.37893279712398,73.25981162956946,0.0,14.881809210067328,43.71498598878878,1945,2661,0,0,[],0.0,[],0.0,33,"[0.5, 0.5, 0.1, 0.1, 0.1, 0.1, 0.1, 0.5, 0.5, 0.1, 0.1, 0.5, 0.1, 0.5, 0.5, 0.1, 0.1, 0.5, 0.1, 0.5, 0.1, 0.1, 0.1, 0.1, 0.1, 0.1, 0.5, 0.1, 0.1, 0.5, 0.5, 0.1, 0.1]",0.24545454545454545,"[21.0, 21.0, 5.0, 5.0, 5.0, 5.0, 5.0, 21.0, 21.0, 5.0, 5.0, 21.0, 5.0, 21.0, 21.0, 5.0, 5.0, 21.0, 5.0, 21.0, 5.0, 5.0, 5.0, 5.0, 5.0, 5.0, 21.0, 5.0, 5.0, 21.0, 21.0, 5.0, 5.0]",10.818181818181818
155.99999999999542,4644,41.55260160662743,73.25981162956946,0.0,14.948992775174585,43.71498598878879,1945,2699,0,0,[],0.0,[],0.0,39,"[0.5, 0.5, 0.1, 0.1, 0.1, 0.1, 0.1, 0.5, 0.5, 0.1, 0.5, 0.1, 0.5, 0.5, 0.1, 0.1, 0.5, 0.1, 0.5, 0.1, 0.1, 0.1, 0.1, 0.1, 0.1, 0.5, 0.1, 0.1, 0.5, 0.1, 0.1, 0.1, 0.1, 0.1, 0.5, 0.5, 0.5, 0.1, 0.1]",0.24358974358974358,"[21.0, 21.0, 5.0, 5.0, 5.0, 5.0, 5.0, 21.0, 21.0, 5.0, 21.0, 5.0, 21.0, 21.0, 5.0, 5.0, 21.0, 5.0, 21.0, 5.0, 5.0, 5.0, 5.0, 5.0, 5.0, 21.0, 5.0, 5.0, 21.0, 5.0, 5.0, 5.0, 5.0, 5.0, 21.0, 21.0, 21.0, 5.0, 5.0]",10.743589743589743
156.99999999999537,4673,41.67872335624081,73.25981162956946,0.0,14.989839076731661,43.9203825119955,1945,2728,0,0,[],0.0,[],0.0,41,"[0.5, 0.5, 0.1, 0.1, 0.1, 0.1, 0.1, 0.5, 0.5, 0.1, 0.5, 0.1, 0.5, 0.5, 0.1, 0.1, 0.5, 0.1, 0.5, 0.1, 0.1, 0.1, 0.1, 0.1, 0.1, 0.5, 0.1, 0.1, 0.5, 0.1, 0.1, 0.1, 0.1, 0.1, 0.5, 0.5, 0.5, 0.1, 0.1, 0.5, 0.5]",0.25609756097560976,"[21.0, 21.0, 5.0, 5.0, 5.0, 5.0, 5.0, 21.0, 21.0, 5.0, 21.0, 5.0, 21.0, 21.0, 5.0, 5.0, 21.0, 5.0, 21.0, 5.0, 5.0, 5.0, 5.0, 5.0, 5.0, 21.0, 5.0, 5.0, 21.0, 5.0, 5.0, 5.0, 5.0, 5.0, 21.0, 21.0, 21.0, 5.0, 5.0, 21.0, 21.0]",11.24390243902439
157.9999999999953,4702,41.80782932766437,73.25981162956946,0.0,15.036674457826654,44.19275958796871,1945,2757,0,0,[],0.0,[],0.0,44,"[0.5, 0.5, 0.1, 0.1, 0.1, 0.1, 0.5, 0.5, 0.1, 0.5, 0.1, 0.5, 0.5, 0.1, 0.1, 0.5, 0.1, 0.5, 0.1, 0.1, 0.1, 0.1, 0.1, 0.1, 0.5, 0.1, 0.1, 0.5, 0.1, 0.1, 0.1, 0.1, 0.1, 0.5, 0.5, 0.5, 0.1, 0.1, 0.5, 0.5, 0.1, 0.1, 0.1, 0.5]",0.2545454545454545,"[21.0, 21.0, 5.0, 5.0, 5.0, 5.0, 21.0, 21.0, 5.0, 21.0, 5.0, 21.0, 21.0, 5.0, 5.0, 21.0, 5.0, 21.0, 5.0, 5.0, 5.0, 5.0, 5.0, 5.0, 21.0, 5.0, 5.0, 21.0, 5.0, 5.0, 5.0, 5.0, 5.0, 21.0, 21.0, 21.0, 5.0, 5.0, 21.0, 21.0, 5.0, 5.0, 5.0, 21.0]",11.181818181818182
158.99999999999525,4732,41.93549259443573,73.25981162956946,0.0,15.076146739369337,44.19275958796871,1945,2787,0,0,[],0.0,[],0.0,44,"[0.5, 0.5, 0.1, 0.1, 0.1, 0.5, 0.5, 0.1, 0.5, 0.1, 0.5, 0.5, 0.1, 0.1, 0.5, 0.1, 0.5, 0.1, 0.1, 0.1, 0.1, 0.1, 0.1, 0.5, 0.1, 0.5, 0.1, 0.1, 0.1, 0.1, 0.1, 0.5, 0.5, 0.5, 0.1, 0.1, 0.5, 0.5, 0.1, 0.1, 0.1, 0.5, 0.1, 0.5]",0.2636363636363636,"[21.0, 21.0, 5.0, 5.0, 5.0, 21.0, 21.0, 5.0, 21.0, 5.0, 21.0, 21.0, 5.0, 5.0, 21.0, 5.0, 21.0, 5.0, 5.0, 5.0, 5.0, 5.0, 5.0, 21.0, 5.0, 21.0, 5.0, 5.0, 5.0, 5.0, 5.0, 21.0, 21.0, 21.0, 5.0, 5.0, 21.0, 21.0, 5.0, 5.0, 5.0, 21.0, 5.0, 21.0]",11.545454545454545
159.9999999999952,4762,42.066892802808255,73.25981162956946,0.0,15.121904443811204,44.22668877499196,1945,2817,0,0,[],0.0,[],0.0,46,"[0.5, 0.1, 0.1, 0.1, 0.5, 0.5, 0.5, 0.1, 0.5, 0.1, 0.1, 0.5, 0.1, 0.5, 0.1, 0.1, 0.1, 0.1, 0.1, 0.1, 0.5, 0.1, 0.5, 0.1, 0.1, 0.1, 0.1, 0.1, 0.5, 0.5, 0.5, 0.1, 0.1, 0.5, 0.5, 0.1, 0.1, 0.1, 0.5, 0.1, 0.5, 0.5, 0.1, 0.1, 0.1, 0.1]",0.2478260869565217,"[21.0, 5.0, 5.0, 5.0, 21.0, 21.0, 21.0, 5.0, 21.0, 5.0, 5.0, 21.0, 5.0, 21.0, 5.0, 5.0, 5.0, 5.0, 5.0, 5.0, 21.0, 5.0, 21.0, 5.0, 5.0, 5.0, 5.0, 5.0, 21.0, 21.0, 21.0, 5.0, 5.0, 21.0, 21.0, 5.0, 5.0, 5.0, 21.0, 5.0, 21.0, 21.0, 5.0, 5.0, 5.0, 5.0]",10.91304347826087
160.99999999999514,4803,42.247005231502094,73.74957626996917,0.0,15.18565245675023,44.53088815642464,1945,2858,0,0,[],0.0,[],0.0,41,"[0.1, 0.1, 0.1, 0.5, 0.5, 0.1, 0.1, 0.5, 0.1, 0.1, 0.1, 0.1, 0.1, 0.1, 0.5, 0.1, 0.1, 0.1, 0.1, 0.1, 0.5, 0.5, 0.5, 0.1, 0.1, 0.5, 0.5, 0.1, 0.5, 0.1, 0.5, 0.5, 0.1, 0.1, 0.1, 0.5, 0.5, 0.1, 0.5, 0.5, 0.5]",0.2658536585365853,"[5.0, 5.0, 5.0, 21.0, 21.0, 5.0, 5.0, 21.0, 5.0, 5.0, 5.0, 5.0, 5.0, 5.0, 21.0, 5.0, 5.0, 5.0, 5.0, 5.0, 21.0, 21.0, 21.0, 5.0, 5.0, 21.0, 21.0, 5.0, 21.0, 5.0, 21.0, 21.0, 5.0, 5.0, 5.0, 21.0, 21.0, 5.0, 21.0, 21.0, 21.0]",11.634146341463415
161.99999999999508,4841,42.42450750952381,74.83982896827064,0.0,15.261936537785292,44.93328387732194,1945,2896,0,0,[],0.0,[],0.0,37,"[0.1, 0.5, 0.1, 0.1, 0.1, 0.1, 0.1, 0.1, 0.5, 0.1, 0.1, 0.1, 0.1, 0.1, 0.5, 0.1, 0.1, 0.5, 0.5, 0.1, 0.5, 0.1, 0.5, 0.1, 0.1, 0.1, 0.5, 0.1, 0.5, 0.1, 0.1, 0.5, 0.1, 0.1, 0.1, 0.5, 0.5]",0.22972972972972974,"[5.0, 21.0, 5.0, 5.0, 5.0, 5.0, 5.0, 5.0, 21.0, 5.0, 5.0, 5.0, 5.0, 5.0, 21.0, 5.0, 5.0, 21.0, 21.0, 5.0, 21.0, 5.0, 21.0, 5.0, 5.0, 5.0, 21.0, 5.0, 21.0, 5.0, 5.0, 21.0, 5.0, 5.0, 5.0, 21.0, 21.0]",10.18918918918919
162.99999999999503,4887,42.624171127652176,74.83982896827064,0.0,15.332217873665847,45.033320996790806,1945,2942,0,0,[],0.0,[],0.0,42,"[0.1, 0.5, 0.1, 0.1, 0.1, 0.1, 0.1, 0.1, 0.5, 0.1, 0.1, 0.1, 0.1, 0.1, 0.5, 0.1, 0.1, 0.5, 0.5, 0.1, 0.5, 0.1, 0.5, 0.1, 0.1, 0.1, 0.5, 0.1, 0.5, 0.1, 0.1, 0.5, 0.1, 0.1, 0.1, 0.5, 0.5, 0.1, 0.1, 0.5, 0.1, 0.5]",0.23333333333333334,"[5.0, 21.0, 5.0, 5.0, 5.0, 5.0, 5.0, 5.0, 21.0, 5.0, 5.0, 5.0, 5.0, 5.0, 21.0, 5.0, 5.0, 21.0, 21.0, 5.0, 21.0, 5.0, 21.0, 5.0, 5.0, 5.0, 21.0, 5.0, 21.0, 5.0, 5.0, 21.0, 5.0, 5.0, 5.0, 21.0, 21.0, 5.0, 5.0, 21.0, 5.0, 21.0]",10.333333333333334
163.99999999999497,4934,42.82219874422912,74.83982896827064,0.0,15.397564545718774,45.13313638558703,1945,2989,0,0,[],0.0,[],0.0,52,"[0.1, 0.5, 0.1, 0.1, 0.1, 0.1, 0.1, 0.1, 0.5, 0.1, 0.1, 0.1, 0.1, 0.1, 0.5, 0.1, 0.5, 0.5, 0.1, 0.5, 0.1, 0.5, 0.1, 0.1, 0.1, 0.5, 0.1, 0.5, 0.1, 0.1, 0.5, 0.1, 0.1, 0.1, 0.5, 0.5, 0.1, 0.1, 0.5, 0.1, 0.5, 0.5, 0.1, 0.1, 0.1, 0.1, 0.1, 0.1, 0.5, 0.5, 0.5, 0.1]",0.23846153846153847,"[5.0, 21.0, 5.0, 5.0, 5.0, 5.0, 5.0, 5.0, 21.0, 5.0, 5.0, 5.0, 5.0, 5.0, 21.0, 5.0, 21.0, 21.0, 5.0, 21.0, 5.0, 21.0, 5.0, 5.0, 5.0, 21.0, 5.0, 21.0, 5.0, 5.0, 21.0, 5.0, 5.0, 5.0, 21.0, 21.0, 5.0, 5.0, 21.0, 5.0, 21.0, 21.0, 5.0, 5.0, 5.0, 5.0, 5.0, 5.0, 21.0, 21.0, 21.0, 5.0]",10.538461538461538
164.9999999999949,4970,42.97235735218061,75.97367965289031,0.0,15.447283123914465,45.2990066116245,1945,3025,0,0,[],0.0,[],0.0,38,"[0.1, 0.5, 0.1, 0.1, 0.5, 0.1, 0.1, 0.5, 0.1, 0.5, 0.1, 0.5, 0.5, 0.1, 0.1, 0.1, 0.5, 0.1, 0.1, 0.5, 0.1, 0.1, 0.1, 0.5, 0.1, 0.1, 0.5, 0.1, 0.1, 0.1, 0.1, 0.5, 0.5, 0.1, 0.5, 0.1, 0.1, 0.1]",0.23684210526315785,"[5.0, 21.0, 5.0, 5.0, 21.0, 5.0, 5.0, 21.0, 5.0, 21.0, 5.0, 21.0, 21.0, 5.0, 5.0, 5.0, 21.0, 5.0, 5.0, 21.0, 5.0, 5.0, 5.0, 21.0, 5.0, 5.0, 21.0, 5.0, 5.0, 5.0, 5.0, 21.0, 21.0, 5.0, 21.0, 5.0, 5.0, 5.0]",10.473684210526315
165.99999999999486,5005,43.129468949490146,75.97367965289031,0.0,15.509623097756622,45.39823785126467,1945,3060,0,0,[],0.0,[],0.0,45,"[0.1, 0.5, 0.1, 0.1, 0.5, 0.1, 0.1, 0.5, 0.1, 0.5, 0.1, 0.5, 0.5, 0.1, 0.1, 0.1, 0.1, 0.5, 0.1, 0.1, 0.1, 0.5, 0.1, 0.1, 0.5, 0.1, 0.1, 0.1, 0.5, 0.5, 0.1, 0.5, 0.1, 0.1, 0.1, 0.5, 0.1, 0.1, 0.1, 0.5, 0.1, 0.1, 0.1, 0.1, 0.1]",0.22444444444444445,"[5.0, 21.0, 5.0, 5.0, 21.0, 5.0, 5.0, 21.0, 5.0, 21.0, 5.0, 21.0, 21.0, 5.0, 5.0, 5.0, 5.0, 21.0, 5.0, 5.0, 5.0, 21.0, 5.0, 5.0, 21.0, 5.0, 5.0, 5.0, 21.0, 21.0, 5.0, 21.0, 5.0, 5.0, 5.0, 21.0, 5.0, 5.0, 5.0, 21.0, 5.0, 5.0, 5.0, 5.0, 5.0]",9.977777777777778
166.9999999999948,5051,43.32792759550612,76.1511654539837,0.0,15.581766985900902,45.53020975132884,1945,3106,0,0,[],0.0,[],0.0,52,"[0.1, 0.5, 0.1, 0.1, 0.5, 0.1, 0.5, 0.1, 0.5, 0.1, 0.5, 0.5, 0.1, 0.1, 0.1, 0.1, 0.5, 0.1, 0.1, 0.1, 0.5, 0.1, 0.1, 0.5, 0.1, 0.1, 0.5, 0.5, 0.1, 0.5, 0.1, 0.1, 0.1, 0.5, 0.1, 0.1, 0.1, 0.5, 0.1, 0.1, 0.1, 0.1, 0.1, 0.1, 0.5, 0.5, 0.5, 0.1, 0.1, 0.1, 0.1, 0.5]",0.23846153846153847,"[5.0, 21.0, 5.0, 5.0, 21.0, 5.0, 21.0, 5.0, 21.0, 5.0, 21.0, 21.0, 5.0, 5.0, 5.0, 5.0, 21.0, 5.0, 5.0, 5.0, 21.0, 5.0, 5.0, 21.0, 5.0, 5.0, 21.0, 21.0, 5.0, 21.0, 5.0, 5.0, 5.0, 21.0, 5.0, 5.0, 5.0, 21.0, 5.0, 5.0, 5.0, 5.0, 5.0, 5.0, 21.0, 21.0, 21.0, 5.0, 5.0, 5.0, 5.0, 21.0]",10.538461538461538
167.99999999999474,5081,43.451936249612096,76.1511654539837,0.0,15.620779368096553,45.923850012820125,1945,3136,0,0,[],0.0,[],0.0,55,"[0.1, 0.1, 0.1, 0.5, 0.1, 0.5, 0.1, 0.5, 0.1, 0.5, 0.5, 0.1, 0.1, 0.1, 0.1, 0.5, 0.1, 0.1, 0.1, 0.5, 0.1, 0.1, 0.5, 0.1, 0.1, 0.5, 0.5, 0.1, 0.5, 0.1, 0.1, 0.1, 0.5, 0.1, 0.1, 0.1, 0.5, 0.1, 0.1, 0.1, 0.1, 0.1, 0.1, 0.5, 0.5, 0.5, 0.1, 0.1, 0.1, 0.1, 0.5, 0.5, 0.5, 0.1, 0.5]",0.24545454545454545,"[5.0, 5.0, 5.0, 21.0, 5.0, 21.0, 5.0, 21.0, 5.0, 21.0, 21.0, 5.0, 5.0, 5.0, 5.0, 21.0, 5.0, 5.0, 5.0, 21.0, 5.0, 5.0, 21.0, 5.0, 5.0, 21.0, 21.0, 5.0, 21.0, 5.0, 5.0, 5.0, 21.0, 5.0, 5.0, 5.0, 21.0, 5.0, 5.0, 5.0, 5.0, 5.0, 5.0, 21.0, 21.0, 21.0, 5.0, 5.0, 5.0, 5.0, 21.0, 21.0, 21.0, 5.0, 21.0]",10.818181818181818
168.99999999999469,5118,43.60439744578273,77.12976079309465,0.0,15.670703337291824,45.92385001282014,1945,3173,0,0,[],0.0,[],0.0,41,"[0.1, 0.1, 0.5, 0.5, 0.1, 0.5, 0.5, 0.1, 0.1, 0.1, 0.1, 0.1, 0.1, 0.1, 0.5, 0.1, 0.5, 0.1, 0.5, 0.1, 0.5, 0.1, 0.1, 0.1, 0.1, 0.5, 0.1, 0.1, 0.1, 0.5, 0.1, 0.1, 0.1, 0.5, 0.5, 0.5, 0.5, 0.5, 0.1, 0.5, 0.5]",0.2658536585365854,"[5.0, 5.0, 21.0, 21.0, 5.0, 21.0, 21.0, 5.0, 5.0, 5.0, 5.0, 5.0, 5.0, 5.0, 21.0, 5.0, 21.0, 5.0, 21.0, 5.0, 21.0, 5.0, 5.0, 5.0, 5.0, 21.0, 5.0, 5.0, 5.0, 21.0, 5.0, 5.0, 5.0, 21.0, 21.0, 21.0, 21.0, 21.0, 5.0, 21.0, 21.0]",11.634146341463415
169.99999999999463,5168,43.823561169287935,77.12976079309465,0.0,15.757220284226577,46.184412955021955,1945,3223,0,0,[],0.0,[],0.0,47,"[0.1, 0.1, 0.5, 0.5, 0.1, 0.5, 0.1, 0.1, 0.1, 0.1, 0.1, 0.5, 0.1, 0.5, 0.1, 0.5, 0.1, 0.5, 0.1, 0.1, 0.1, 0.1, 0.5, 0.1, 0.1, 0.5, 0.1, 0.1, 0.5, 0.5, 0.5, 0.5, 0.5, 0.1, 0.5, 0.5, 0.1, 0.5, 0.1, 0.1, 0.1, 0.1, 0.1, 0.1, 0.5, 0.1, 0.1]",0.2531914893617021,"[5.0, 5.0, 21.0, 21.0, 5.0, 21.0, 5.0, 5.0, 5.0, 5.0, 5.0, 21.0, 5.0, 21.0, 5.0, 21.0, 5.0, 21.0, 5.0, 5.0, 5.0, 5.0, 21.0, 5.0, 5.0, 21.0, 5.0, 5.0, 21.0, 21.0, 21.0, 21.0, 21.0, 5.0, 21.0, 21.0, 5.0, 21.0, 5.0, 5.0, 5.0, 5.0, 5.0, 5.0, 21.0, 5.0, 5.0]",11.127659574468085
170.99999999999457,5209,43.99032996796217,77.12976079309465,0.0,15.80994446748759,46.50806381693394,1945,3264,0,0,[],0.0,[],0.0,51,"[0.1, 0.1, 0.5, 0.5, 0.1, 0.5, 0.1, 0.1, 0.1, 0.1, 0.1, 0.5, 0.1, 0.5, 0.1, 0.5, 0.1, 0.5, 0.1, 0.1, 0.1, 0.1, 0.5, 0.1, 0.1, 0.5, 0.1, 0.1, 0.5, 0.5, 0.5, 0.5, 0.5, 0.1, 0.5, 0.5, 0.1, 0.5, 0.1, 0.1, 0.1, 0.1, 0.1, 0.1, 0.5, 0.1, 0.1, 0.5, 0.1, 0.1, 0.1]",0.2490196078431373,"[5.0, 5.0, 21.0, 21.0, 5.0, 21.0, 5.0, 5.0, 5.0, 5.0, 5.0, 21.0, 5.0, 21.0, 5.0, 21.0, 5.0, 21.0, 5.0, 5.0, 5.0, 5.0, 21.0, 5.0, 5.0, 21.0, 5.0, 5.0, 21.0, 21.0, 21.0, 21.0, 21.0, 5.0, 21.0, 21.0, 5.0, 21.0, 5.0, 5.0, 5.0, 5.0, 5.0, 5.0, 21.0, 5.0, 5.0, 21.0, 5.0, 5.0, 5.0]",10.96078431372549
171.99999999999451,5239,44.10827866831662,77.12976079309465,0.0,15.842501479504069,46.57252408878007,1945,3294,0,0,[],0.0,[],0.0,53,"[0.1, 0.1, 0.5, 0.5, 0.1, 0.5, 0.1, 0.1, 0.1, 0.1, 0.1, 0.5, 0.1, 0.5, 0.1, 0.5, 0.1, 0.5, 0.1, 0.1, 0.1, 0.1, 0.5, 0.1, 0.1, 0.5, 0.1, 0.1, 0.5, 0.5, 0.5, 0.5, 0.5, 0.1, 0.5, 0.5, 0.1, 0.5, 0.1, 0.1, 0.1, 0.1, 0.1, 0.1, 0.5, 0.1, 0.1, 0.5, 0.1, 0.1, 0.1, 0.1, 0.1]",0.24339622641509434,"[5.0, 5.0, 21.0, 21.0, 5.0, 21.0, 5.0, 5.0, 5.0, 5.0, 5.0, 21.0, 5.0, 21.0, 5.0, 21.0, 5.0, 21.0, 5.0, 5.0, 5.0, 5.0, 21.0, 5.0, 5.0, 21.0, 5.0, 5.0, 21.0, 21.0, 21.0, 21.0, 21.0, 5.0, 21.0, 21.0, 5.0, 21.0, 5.0, 5.0, 5.0, 5.0, 5.0, 5.0, 21.0, 5.0, 5.0, 21.0, 5.0, 5.0, 5.0, 5.0, 5.0]",10.735849056603774
172.99999999999446,5268,44.22768399198799,77.12976079309465,0.0,15.882979261091613,46.604720790924176,1945,3323,0,0,[],0.0,[],0.0,58,"[0.1, 0.1, 0.5, 0.5, 0.1, 0.5, 0.1, 0.1, 0.1, 0.1, 0.1, 0.5, 0.1, 0.5, 0.1, 0.5, 0.1, 0.5, 0.1, 0.1, 0.1, 0.1, 0.5, 0.1, 0.1, 0.5, 0.1, 0.1, 0.5, 0.5, 0.5, 0.5, 0.5, 0.1, 0.5, 0.5, 0.1, 0.5, 0.1, 0.1, 0.1, 0.1, 0.1, 0.1, 0.5, 0.1, 0.1, 0.5, 0.1, 0.1, 0.1, 0.1, 0.1, 0.5, 0.1, 0.1, 0.5, 0.1]",0.24482758620689657,"[5.0, 5.0, 21.0, 21.0, 5.0, 21.0, 5.0, 5.0, 5.0, 5.0, 5.0, 21.0, 5.0, 21.0, 5.0, 21.0, 5.0, 21.0, 5.0, 5.0, 5.0, 5.0, 21.0, 5.0, 5.0, 21.0, 5.0, 5.0, 21.0, 21.0, 21.0, 21.0, 21.0, 5.0, 21.0, 21.0, 5.0, 21.0, 5.0, 5.0, 5.0, 5.0, 5.0, 5.0, 21.0, 5.0, 5.0, 21.0, 5.0, 5.0, 5.0, 5.0, 5.0, 21.0, 5.0, 5.0, 21.0, 5.0]",10.793103448275861
173.9999999999944,5300,44.36481386956875,77.12976079309465,0.0,15.935787650893463,46.76537180435969,1945,3355,0,0,[],0.0,[],0.0,61,"[0.1, 0.5, 0.5, 0.1, 0.1, 0.1, 0.1, 0.1, 0.5, 0.1, 0.5, 0.1, 0.5, 0.1, 0.5, 0.1, 0.1, 0.1, 0.1, 0.5, 0.1, 0.1, 0.5, 0.1, 0.1, 0.5, 0.5, 0.5, 0.5, 0.5, 0.1, 0.5, 0.5, 0.1, 0.5, 0.1, 0.1, 0.1, 0.1, 0.5, 0.1, 0.5, 0.1, 0.1, 0.1, 0.1, 0.1, 0.5, 0.1, 0.1, 0.5, 0.1, 0.5, 0.5, 0.1, 0.1, 0.5, 0.5, 0.1, 0.5, 0.1]",0.26393442622950825,"[5.0, 21.0, 21.0, 5.0, 5.0, 5.0, 5.0, 5.0, 21.0, 5.0, 21.0, 5.0, 21.0, 5.0, 21.0, 5.0, 5.0, 5.0, 5.0, 21.0, 5.0, 5.0, 21.0, 5.0, 5.0, 21.0, 21.0, 21.0, 21.0, 21.0, 5.0, 21.0, 21.0, 5.0, 21.0, 5.0, 5.0, 5.0, 5.0, 21.0, 5.0, 21.0, 5.0, 5.0, 5.0, 5.0, 5.0, 21.0, 5.0, 5.0, 21.0, 5.0, 21.0, 21.0, 5.0, 5.0, 21.0, 21.0, 5.0, 21.0, 5.0]",11.557377049180328
174.99999999999434,5340,44.524905796509046,78.1728853247723,0.0,15.985936930387684,46.89349635077342,1945,3395,0,0,[],0.0,[],0.0,53,"[0.1, 0.5, 0.1, 0.1, 0.1, 0.1, 0.5, 0.1, 0.5, 0.1, 0.1, 0.1, 0.1, 0.1, 0.1, 0.5, 0.1, 0.5, 0.1, 0.5, 0.5, 0.5, 0.5, 0.5, 0.1, 0.5, 0.5, 0.1, 0.5, 0.1, 0.1, 0.1, 0.5, 0.1, 0.1, 0.1, 0.1, 0.1, 0.5, 0.1, 0.1, 0.5, 0.5, 0.5, 0.1, 0.1, 0.5, 0.1, 0.1, 0.5, 0.1, 0.1, 0.1]",0.2509433962264151,"[5.0, 21.0, 5.0, 5.0, 5.0, 5.0, 21.0, 5.0, 21.0, 5.0, 5.0, 5.0, 5.0, 5.0, 5.0, 21.0, 5.0, 21.0, 5.0, 21.0, 21.0, 21.0, 21.0, 21.0, 5.0, 21.0, 21.0, 5.0, 21.0, 5.0, 5.0, 5.0, 21.0, 5.0, 5.0, 5.0, 5.0, 5.0, 21.0, 5.0, 5.0, 21.0, 21.0, 21.0, 5.0, 5.0, 21.0, 5.0, 5.0, 21.0, 5.0, 5.0, 5.0]",11.037735849056604
175.9999999999943,5385,44.70719031279431,78.1728853247723,0.0,16.045383166665633,47.14870093650513,1945,3440,0,0,[],0.0,[],0.0,53,"[0.1, 0.1, 0.1, 0.5, 0.1, 0.5, 0.1, 0.1, 0.1, 0.1, 0.1, 0.5, 0.5, 0.1, 0.5, 0.5, 0.5, 0.5, 0.5, 0.1, 0.5, 0.5, 0.1, 0.5, 0.1, 0.1, 0.1, 0.5, 0.1, 0.1, 0.1, 0.1, 0.1, 0.5, 0.1, 0.1, 0.5, 0.5, 0.5, 0.1, 0.1, 0.5, 0.1, 0.1, 0.5, 0.1, 0.1, 0.1, 0.1, 0.1, 0.5, 0.5, 0.5]",0.2660377358490566,"[5.0, 5.0, 5.0, 21.0, 5.0, 21.0, 5.0, 5.0, 5.0, 5.0, 5.0, 21.0, 21.0, 5.0, 21.0, 21.0, 21.0, 21.0, 21.0, 5.0, 21.0, 21.0, 5.0, 21.0, 5.0, 5.0, 5.0, 21.0, 5.0, 5.0, 5.0, 5.0, 5.0, 21.0, 5.0, 5.0, 21.0, 21.0, 21.0, 5.0, 5.0, 21.0, 5.0, 5.0, 21.0, 5.0, 5.0, 5.0, 5.0, 5.0, 21.0, 21.0, 21.0]",11.641509433962264
176.99999999999423,5430,44.894324597627296,78.1728853247723,0.0,16.113775552901487,47.46577714522327,1945,3485,0,0,[],0.0,[],0.0,58,"[0.1, 0.5, 0.1, 0.5, 0.1, 0.1, 0.1, 0.1, 0.1, 0.5, 0.1, 0.5, 0.5, 0.5, 0.5, 0.5, 0.1, 0.5, 0.5, 0.5, 0.1, 0.1, 0.1, 0.5, 0.1, 0.1, 0.1, 0.1, 0.1, 0.5, 0.1, 0.1, 0.5, 0.5, 0.5, 0.1, 0.1, 0.5, 0.1, 0.1, 0.5, 0.1, 0.1, 0.1, 0.1, 0.1, 0.5, 0.5, 0.5, 0.5, 0.5, 0.1, 0.5, 0.1, 0.5, 0.5, 0.1, 0.1]",0.27931034482758627,"[5.0, 21.0, 5.0, 21.0, 5.0, 5.0, 5.0, 5.0, 5.0, 21.0, 5.0, 21.0, 21.0, 21.0, 21.0, 21.0, 5.0, 21.0, 21.0, 21.0, 5.0, 5.0, 5.0, 21.0, 5.0, 5.0, 5.0, 5.0, 5.0, 21.0, 5.0, 5.0, 21.0, 21.0, 21.0, 5.0, 5.0, 21.0, 5.0, 5.0, 21.0, 5.0, 5.0, 5.0, 5.0, 5.0, 21.0, 21.0, 21.0, 21.0, 21.0, 5.0, 21.0, 5.0, 21.0, 21.0, 5.0, 5.0]",12.172413793103448
177.99999999999417,5475,45.08511202687908,78.1728853247723,0.0,16.1879225939379,47.655010229775414,1945,3530,0,0,[],0.0,[],0.0,63,"[0.1, 0.5, 0.1, 0.1, 0.1, 0.1, 0.5, 0.1, 0.5, 0.5, 0.5, 0.5, 0.1, 0.5, 0.5, 0.5, 0.1, 0.1, 0.1, 0.5, 0.1, 0.1, 0.1, 0.1, 0.1, 0.5, 0.1, 0.1, 0.5, 0.5, 0.1, 0.1, 0.1, 0.5, 0.1, 0.1, 0.1, 0.1, 0.1, 0.5, 0.5, 0.5, 0.5, 0.5, 0.1, 0.5, 0.1, 0.5, 0.5, 0.1, 0.1, 0.5, 0.5, 0.1, 0.1, 0.1, 0.5, 0.5, 0.5, 0.1, 0.1, 0.1, 0.1]",0.2714285714285716,"[5.0, 21.0, 5.0, 5.0, 5.0, 5.0, 21.0, 5.0, 21.0, 21.0, 21.0, 21.0, 5.0, 21.0, 21.0, 21.0, 5.0, 5.0, 5.0, 21.0, 5.0, 5.0, 5.0, 5.0, 5.0, 21.0, 5.0, 5.0, 21.0, 21.0, 5.0, 5.0, 5.0, 21.0, 5.0, 5.0, 5.0, 5.0, 5.0, 21.0, 21.0, 21.0, 21.0, 21.0, 5.0, 21.0, 5.0, 21.0, 21.0, 5.0, 5.0, 21.0, 21.0, 5.0, 5.0, 5.0, 21.0, 21.0, 21.0, 5.0, 5.0, 5.0, 5.0]",11.857142857142858
178.99999999999412,5509,45.22134835517659,79.16438593205912,0.0,16.233403539005256,47.843494855622744,1945,3564,0,0,[],0.0,[],0.0,47,"[0.1, 0.1, 0.1, 0.5, 0.1, 0.5, 0.1, 0.5, 0.5, 0.5, 0.1, 0.1, 0.1, 0.1, 0.1, 0.5, 0.1, 0.1, 0.1, 0.5, 0.1, 0.1, 0.1, 0.5, 0.5, 0.5, 0.5, 0.5, 0.5, 0.1, 0.1, 0.5, 0.5, 0.1, 0.1, 0.1, 0.5, 0.5, 0.5, 0.1, 0.1, 0.1, 0.1, 0.1, 0.5, 0.5, 0.5]",0.2787234042553191,"[5.0, 5.0, 5.0, 21.0, 5.0, 21.0, 5.0, 21.0, 21.0, 21.0, 5.0, 5.0, 5.0, 5.0, 5.0, 21.0, 5.0, 5.0, 5.0, 21.0, 5.0, 5.0, 5.0, 21.0, 21.0, 21.0, 21.0, 21.0, 21.0, 5.0, 5.0, 21.0, 21.0, 5.0, 5.0, 5.0, 21.0, 21.0, 21.0, 5.0, 5.0, 5.0, 5.0, 5.0, 21.0, 21.0, 21.0]",12.148936170212766
179.99999999999406,5547,45.38261325802854,79.16438593205912,0.0,16.297276318039895,48.0,1945,3602,0,0,[],0.0,[],0.0,50,"[0.1, 0.1, 0.1, 0.5, 0.1, 0.5, 0.1, 0.5, 0.5, 0.1, 0.1, 0.1, 0.1, 0.1, 0.1, 0.1, 0.5, 0.1, 0.1, 0.1, 0.5, 0.5, 0.5, 0.5, 0.5, 0.5, 0.1, 0.1, 0.5, 0.5, 0.1, 0.1, 0.1, 0.5, 0.5, 0.5, 0.1, 0.1, 0.1, 0.1, 0.1, 0.5, 0.5, 0.5, 0.5, 0.5, 0.5, 0.5, 0.5, 0.5]",0.3,"[5.0, 5.0, 5.0, 21.0, 5.0, 21.0, 5.0, 21.0, 21.0, 5.0, 5.0, 5.0, 5.0, 5.0, 5.0, 5.0, 21.0, 5.0, 5.0, 5.0, 21.0, 21.0, 21.0, 21.0, 21.0, 21.0, 5.0, 5.0, 21.0, 21.0, 5.0, 5.0, 5.0, 21.0, 21.0, 21.0, 5.0, 5.0, 5.0, 5.0, 5.0, 21.0, 21.0, 21.0, 21.0, 21.0, 21.0, 21.0, 21.0, 21.0]",13.0
180.999999999994,5581,45.52079869295421,79.16438593205912,0.0,16.34562902981299,48.03123983409131,1945,3636,0,0,[],0.0,[],0.0,48,"[0.1, 0.1, 0.5, 0.5, 0.5, 0.1, 0.1, 0.1, 0.1, 0.1, 0.1, 0.5, 0.1, 0.1, 0.1, 0.5, 0.5, 0.5, 0.5, 0.5, 0.1, 0.1, 0.5, 0.5, 0.1, 0.1, 0.1, 0.5, 0.5, 0.5, 0.1, 0.1, 0.1, 0.5, 0.5, 0.5, 0.5, 0.5, 0.5, 0.5, 0.5, 0.5, 0.5, 0.1, 0.5, 0.5, 0.5, 0.5]",0.3333333333333333,"[5.0, 5.0, 21.0, 21.0, 21.0, 5.0, 5.0, 5.0, 5.0, 5.0, 5.0, 21.0, 5.0, 5.0, 5.0, 21.0, 21.0, 21.0, 21.0, 21.0, 5.0, 5.0, 21.0, 21.0, 5.0, 5.0, 5.0, 21.0, 21.0, 21.0, 5.0, 5.0, 5.0, 21.0, 21.0, 21.0, 21.0, 21.0, 21.0, 21.0, 21.0, 21.0, 21.0, 5.0, 21.0, 21.0, 21.0, 21.0]",14.333333333333334
181.99999999999395,5620,45.687779066444584,79.16438593205912,0.0,16.413121124373717,48.218253804964775,1945,3675,0,0,[],0.0,[],0.0,59,"[0.1, 0.5, 0.5, 0.5, 0.1, 0.1, 0.1, 0.1, 0.1, 0.1, 0.5, 0.1, 0.1, 0.1, 0.5, 0.5, 0.5, 0.5, 0.5, 0.1, 0.1, 0.5, 0.5, 0.1, 0.1, 0.1, 0.5, 0.5, 0.5, 0.1, 0.1, 0.1, 0.5, 0.5, 0.5, 0.5, 0.5, 0.5, 0.5, 0.5, 0.5, 0.5, 0.1, 0.5, 0.5, 0.5, 0.5, 0.5, 0.5, 0.5, 0.5, 0.1, 0.1, 0.5, 0.1, 0.1, 0.1, 0.1, 0.5]",0.33050847457627125,"[5.0, 21.0, 21.0, 21.0, 5.0, 5.0, 5.0, 5.0, 5.0, 5.0, 21.0, 5.0, 5.0, 5.0, 21.0, 21.0, 21.0, 21.0, 21.0, 5.0, 5.0, 21.0, 21.0, 5.0, 5.0, 5.0, 21.0, 21.0, 21.0, 5.0, 5.0, 5.0, 21.0, 21.0, 21.0, 21.0, 21.0, 21.0, 21.0, 21.0, 21.0, 21.0, 5.0, 21.0, 21.0, 21.0, 21.0, 21.0, 21.0, 21.0, 21.0, 5.0, 5.0, 21.0, 5.0, 5.0, 5.0, 5.0, 21.0]",14.220338983050848
182.9999999999939,5663,45.86581549373331,79.50471684120383,0.0,16.48130821241785,48.28043081829324,1945,3718,0,0,[],0.0,[],0.0,58,"[0.1, 0.5, 0.5, 0.5, 0.1, 0.1, 0.1, 0.1, 0.5, 0.1, 0.1, 0.1, 0.5, 0.5, 0.5, 0.5, 0.5, 0.1, 0.1, 0.5, 0.5, 0.1, 0.1, 0.1, 0.5, 0.5, 0.1, 0.1, 0.5, 0.5, 0.5, 0.5, 0.5, 0.5, 0.5, 0.1, 0.5, 0.5, 0.5, 0.5, 0.5, 0.1, 0.1, 0.1, 0.1, 0.1, 0.5, 0.5, 0.1, 0.1, 0.1, 0.5, 0.1, 0.1, 0.5, 0.1, 0.5, 0.5]",0.3137931034482758,"[5.0, 21.0, 21.0, 21.0, 5.0, 5.0, 5.0, 5.0, 21.0, 5.0, 5.0, 5.0, 21.0, 21.0, 21.0, 21.0, 21.0, 5.0, 5.0, 21.0, 21.0, 5.0, 5.0, 5.0, 21.0, 21.0, 5.0, 5.0, 21.0, 21.0, 21.0, 21.0, 21.0, 21.0, 21.0, 5.0, 21.0, 21.0, 21.0, 21.0, 21.0, 5.0, 5.0, 5.0, 5.0, 5.0, 21.0, 21.0, 5.0, 5.0, 5.0, 21.0, 5.0, 5.0, 21.0, 5.0, 21.0, 21.0]",13.551724137931034
183.99999999999383,5698,46.00976893552884,80.18104514160439,0.0,16.534616590402933,48.49742261192856,1946,3752,0,0,[],0.0,[],0.0,47,"[0.1, 0.5, 0.1, 0.1, 0.5, 0.1, 0.5, 0.5, 0.5, 0.1, 0.1, 0.5, 0.5, 0.1, 0.1, 0.5, 0.5, 0.1, 0.5, 0.5, 0.5, 0.5, 0.5, 0.5, 0.1, 0.5, 0.5, 0.5, 0.5, 0.1, 0.1, 0.1, 0.5, 0.5, 0.1, 0.1, 0.5, 0.1, 0.1, 0.5, 0.1, 0.5, 0.1, 0.1, 0.1, 0.5, 0.1]",0.3127659574468085,"[5.0, 21.0, 5.0, 5.0, 21.0, 5.0, 21.0, 21.0, 21.0, 5.0, 5.0, 21.0, 21.0, 5.0, 5.0, 21.0, 21.0, 5.0, 21.0, 21.0, 21.0, 21.0, 21.0, 21.0, 5.0, 21.0, 21.0, 21.0, 21.0, 5.0, 5.0, 5.0, 21.0, 21.0, 5.0, 5.0, 21.0, 5.0, 5.0, 21.0, 5.0, 21.0, 5.0, 5.0, 5.0, 21.0, 5.0]",13.51063829787234
184.99999999999378,5741,46.18123093493505,80.66597795849252,0.0,16.59462336819406,48.77499359302879,1947,3794,0,0,[],0.0,[],0.0,46,"[0.1, 0.5, 0.1, 0.1, 0.5, 0.5, 0.5, 0.5, 0.5, 0.1, 0.5, 0.1, 0.5, 0.5, 0.5, 0.5, 0.5, 0.1, 0.5, 0.5, 0.5, 0.1, 0.1, 0.5, 0.5, 0.1, 0.1, 0.5, 0.1, 0.1, 0.5, 0.1, 0.5, 0.1, 0.1, 0.1, 0.5, 0.1, 0.1, 0.1, 0.1, 0.5, 0.1, 0.5, 0.5, 0.5]",0.31739130434782614,"[5.0, 21.0, 5.0, 5.0, 21.0, 21.0, 21.0, 21.0, 21.0, 5.0, 21.0, 5.0, 21.0, 21.0, 21.0, 21.0, 21.0, 5.0, 21.0, 21.0, 21.0, 5.0, 5.0, 21.0, 21.0, 5.0, 5.0, 21.0, 5.0, 5.0, 21.0, 5.0, 21.0, 5.0, 5.0, 5.0, 21.0, 5.0, 5.0, 5.0, 5.0, 21.0, 5.0, 21.0, 21.0, 21.0]",13.695652173913043
185.99999999999372,5782,46.34818821987548,81.2219182240853,0.0,16.656215137166132,48.774993593028796,1948,3834,0,0,[],0.0,[],0.0,47,"[0.1, 0.5, 0.1, 0.1, 0.5, 0.5, 0.5, 0.5, 0.5, 0.1, 0.5, 0.1, 0.5, 0.5, 0.5, 0.5, 0.5, 0.1, 0.5, 0.5, 0.1, 0.1, 0.5, 0.5, 0.1, 0.5, 0.1, 0.5, 0.1, 0.1, 0.1, 0.1, 0.5, 0.1, 0.1, 0.1, 0.5, 0.1, 0.5, 0.5, 0.1, 0.5, 0.5, 0.1, 0.1, 0.1, 0.1]",0.30425531914893617,"[5.0, 21.0, 5.0, 5.0, 21.0, 21.0, 21.0, 21.0, 21.0, 5.0, 21.0, 5.0, 21.0, 21.0, 21.0, 21.0, 21.0, 5.0, 21.0, 21.0, 5.0, 5.0, 21.0, 21.0, 5.0, 21.0, 5.0, 21.0, 5.0, 5.0, 5.0, 5.0, 21.0, 5.0, 5.0, 5.0, 21.0, 5.0, 21.0, 21.0, 5.0, 21.0, 21.0, 5.0, 5.0, 5.0, 5.0]",13.170212765957446
186.99999999999366,5825,46.51455498650658,81.90238091777309,0.0,16.710053081246347,49.1121166312347,1950,3875,0,0,[],0.0,[],0.0,39,"[0.1, 0.5, 0.1, 0.1, 0.5, 0.5, 0.5, 0.1, 0.1, 0.5, 0.5, 0.5, 0.5, 0.5, 0.1, 0.5, 0.5, 0.1, 0.5, 0.1, 0.1, 0.5, 0.1, 0.1, 0.1, 0.1, 0.1, 0.5, 0.1, 0.5, 0.1, 0.5, 0.1, 0.1, 0.1, 0.1, 0.5, 0.5, 0.1]",0.2846153846153846,"[5.0, 21.0, 5.0, 5.0, 21.0, 21.0, 21.0, 5.0, 5.0, 21.0, 21.0, 21.0, 21.0, 21.0, 5.0, 21.0, 21.0, 5.0, 21.0, 5.0, 5.0, 21.0, 5.0, 5.0, 5.0, 5.0, 5.0, 21.0, 5.0, 21.0, 5.0, 21.0, 5.0, 5.0, 5.0, 5.0, 21.0, 21.0, 5.0]",12.384615384615385
187.9999999999936,5865,46.669732139732126,81.90238091777309,0.0,16.7609807412093,49.38623289946298,1950,3915,0,0,[],0.0,[],0.0,39,"[0.5, 0.1, 0.1, 0.5, 0.5, 0.1, 0.5, 0.5, 0.5, 0.5, 0.1, 0.5, 0.5, 0.1, 0.5, 0.1, 0.1, 0.5, 0.1, 0.1, 0.1, 0.1, 0.1, 0.5, 0.1, 0.5, 0.1, 0.5, 0.1, 0.1, 0.1, 0.1, 0.5, 0.5, 0.1, 0.5, 0.1, 0.1, 0.5]",0.2846153846153846,"[21.0, 5.0, 5.0, 21.0, 21.0, 5.0, 21.0, 21.0, 21.0, 21.0, 5.0, 21.0, 21.0, 5.0, 21.0, 5.0, 5.0, 21.0, 5.0, 5.0, 5.0, 5.0, 5.0, 21.0, 5.0, 21.0, 5.0, 21.0, 5.0, 5.0, 5.0, 5.0, 21.0, 21.0, 5.0, 21.0, 5.0, 5.0, 21.0]",12.384615384615385
188.99999999999355,5905,46.82424311115551,81.90238091777309,0.0,16.810756042191596,49.50757517794625,1951,3954,0,0,[],0.0,[],0.0,42,"[0.5, 0.1, 0.1, 0.5, 0.5, 0.1, 0.5, 0.5, 0.5, 0.5, 0.1, 0.5, 0.5, 0.1, 0.5, 0.1, 0.1, 0.5, 0.1, 0.1, 0.1, 0.1, 0.1, 0.5, 0.1, 0.5, 0.1, 0.5, 0.1, 0.1, 0.1, 0.1, 0.5, 0.5, 0.1, 0.5, 0.1, 0.1, 0.5, 0.5, 0.1, 0.1]",0.28095238095238095,"[21.0, 5.0, 5.0, 21.0, 21.0, 5.0, 21.0, 21.0, 21.0, 21.0, 5.0, 21.0, 21.0, 5.0, 21.0, 5.0, 5.0, 21.0, 5.0, 5.0, 5.0, 5.0, 5.0, 21.0, 5.0, 21.0, 5.0, 21.0, 5.0, 5.0, 5.0, 5.0, 21.0, 21.0, 5.0, 21.0, 5.0, 5.0, 21.0, 21.0, 5.0, 5.0]",12.238095238095237
189.9999999999935,5972,47.07837158975213,81.90238091777309,0.0,16.89000513322263,49.56813492557492,1951,4021,0,0,[],0.0,[],0.0,48,"[0.5, 0.1, 0.1, 0.5, 0.5, 0.1, 0.5, 0.5, 0.5, 0.1, 0.5, 0.5, 0.1, 0.5, 0.1, 0.1, 0.5, 0.1, 0.1, 0.1, 0.1, 0.1, 0.5, 0.1, 0.5, 0.1, 0.5, 0.1, 0.1, 0.1, 0.1, 0.5, 0.5, 0.1, 0.1, 0.1, 0.5, 0.5, 0.1, 0.1, 0.1, 0.5, 0.5, 0.1, 0.1, 0.1, 0.5, 0.5]",0.275,"[21.0, 5.0, 5.0, 21.0, 21.0, 5.0, 21.0, 21.0, 21.0, 5.0, 21.0, 21.0, 5.0, 21.0, 5.0, 5.0, 21.0, 5.0, 5.0, 5.0, 5.0, 5.0, 21.0, 5.0, 21.0, 5.0, 21.0, 5.0, 5.0, 5.0, 5.0, 21.0, 21.0, 5.0, 5.0, 5.0, 21.0, 21.0, 5.0, 5.0, 5.0, 21.0, 21.0, 5.0, 5.0, 5.0, 21.0, 21.0]",12.0
190.99999999999343,6011,47.240879130666336,82.93973715897586,0.0,16.96020436515057,49.86983055916673,1956,4055,0,0,[],0.0,[],0.0,45,"[0.5, 0.1, 0.1, 0.5, 0.5, 0.5, 0.5, 0.1, 0.5, 0.5, 0.1, 0.5, 0.1, 0.5, 0.1, 0.1, 0.1, 0.5, 0.1, 0.5, 0.1, 0.1, 0.5, 0.5, 0.1, 0.1, 0.1, 0.1, 0.1, 0.1, 0.5, 0.1, 0.5, 0.5, 0.1, 0.5, 0.5, 0.5, 0.1, 0.1, 0.5, 0.5, 0.5, 0.1, 0.1]",0.2955555555555555,"[21.0, 5.0, 5.0, 21.0, 21.0, 21.0, 21.0, 5.0, 21.0, 21.0, 5.0, 21.0, 5.0, 21.0, 5.0, 5.0, 5.0, 21.0, 5.0, 21.0, 5.0, 5.0, 21.0, 21.0, 5.0, 5.0, 5.0, 5.0, 5.0, 5.0, 21.0, 5.0, 21.0, 21.0, 5.0, 21.0, 21.0, 21.0, 5.0, 5.0, 21.0, 21.0, 21.0, 5.0, 5.0]",12.822222222222223
191.99999999999338,6040,47.35413131981437,83.62415918859813,0.0,17.00085180741139,49.92995093127971,1958,4082,0,0,[],0.0,[],0.0,42,"[0.5, 0.1, 0.1, 0.5, 0.5, 0.5, 0.5, 0.5, 0.5, 0.1, 0.5, 0.1, 0.5, 0.1, 0.1, 0.5, 0.1, 0.5, 0.1, 0.1, 0.5, 0.5, 0.1, 0.1, 0.1, 0.1, 0.1, 0.1, 0.5, 0.5, 0.5, 0.5, 0.1, 0.1, 0.5, 0.5, 0.5, 0.1, 0.1, 0.5, 0.5, 0.1]",0.30952380952380953,"[21.0, 5.0, 5.0, 21.0, 21.0, 21.0, 21.0, 21.0, 21.0, 5.0, 21.0, 5.0, 21.0, 5.0, 5.0, 21.0, 5.0, 21.0, 5.0, 5.0, 21.0, 21.0, 5.0, 5.0, 5.0, 5.0, 5.0, 5.0, 21.0, 21.0, 21.0, 21.0, 5.0, 5.0, 21.0, 21.0, 21.0, 5.0, 5.0, 21.0, 21.0, 5.0]",13.380952380952381
192.99999999999332,6094,47.56401056674914,85.34635317340748,0.0,17.07672455085467,50.1098792654702,1961,4133,0,0,[],0.0,[],0.0,30,"[0.5, 0.5, 0.5, 0.5, 0.1, 0.5, 0.5, 0.1, 0.1, 0.5, 0.1, 0.1, 0.1, 0.1, 0.5, 0.5, 0.1, 0.5, 0.5, 0.1, 0.1, 0.5, 0.1, 0.1, 0.5, 0.1, 0.5, 0.5, 0.5, 0.5]",0.3266666666666667,"[21.0, 21.0, 21.0, 21.0, 5.0, 21.0, 21.0, 5.0, 5.0, 21.0, 5.0, 5.0, 5.0, 5.0, 21.0, 21.0, 5.0, 21.0, 21.0, 5.0, 5.0, 21.0, 5.0, 5.0, 21.0, 5.0, 21.0, 21.0, 21.0, 21.0]",14.066666666666666
193.99999999999326,6145,47.76653428736423,87.06893820416096,0.0,17.15649100077448,50.40833264451424,1965,4180,0,0,[],0.0,[],0.0,25,"[0.5, 0.5, 0.1, 0.1, 0.1, 0.5, 0.5, 0.1, 0.5, 0.5, 0.1, 0.1, 0.5, 0.1, 0.5, 0.5, 0.5, 0.5, 0.5, 0.1, 0.1, 0.1, 0.1, 0.5, 0.1]",0.308,"[21.0, 21.0, 5.0, 5.0, 5.0, 21.0, 21.0, 5.0, 21.0, 21.0, 5.0, 5.0, 21.0, 5.0, 21.0, 21.0, 21.0, 21.0, 21.0, 5.0, 5.0, 5.0, 5.0, 21.0, 5.0]",13.32
194.9999999999932,6184,47.91683050398768,88.79189152169246,0.0,17.210025771403544,50.58655947976695,1967,4216,1,0,[],0.0,[],0.0,18,"[0.1, 0.1, 0.1, 0.5, 0.5, 0.1, 0.1, 0.5, 0.1, 0.5, 0.5, 0.5, 0.1, 0.1, 0.5, 0.1, 0.5, 0.1]",0.2777777777777778,"[5.0, 5.0, 5.0, 21.0, 21.0, 5.0, 5.0, 21.0, 5.0, 21.0, 21.0, 21.0, 5.0, 5.0, 21.0, 5.0, 21.0, 5.0]",12.11111111111111
195.99999999999315,6230,48.09624286053712,89.81647955692763,0.0,17.276647890927865,50.88208029299411,1968,4261,1,0,[],0.0,[],0.0,18,"[0.1, 0.1, 0.5, 0.5, 0.1, 0.1, 0.5, 0.1, 0.5, 0.5, 0.5, 0.1, 0.1, 0.5, 0.1, 0.5, 0.1, 0.5]",0.3,"[5.0, 5.0, 21.0, 21.0, 5.0, 5.0, 21.0, 5.0, 21.0, 21.0, 21.0, 5.0, 5.0, 21.0, 5.0, 21.0, 5.0, 21.0]",13.0
196.9999999999931,6276,48.27930399434355,89.81647955692763,0.0,17.349649433301945,51.02940328869229,1971,4304,1,0,[],0.0,[],0.0,18,"[0.1, 0.1, 0.5, 0.5, 0.1, 0.1, 0.5, 0.5, 0.1, 0.1, 0.5, 0.1, 0.5, 0.1, 0.5, 0.5, 0.5, 0.1]",0.3,"[5.0, 5.0, 21.0, 21.0, 5.0, 5.0, 21.0, 21.0, 5.0, 5.0, 21.0, 5.0, 21.0, 5.0, 21.0, 21.0, 21.0, 5.0]",13.0
197.99999999999304,6320,48.471095312624804,91.53687781435414,0.0,17.45071926135842,51.11751167652823,1984,4335,1,0,[],0.0,[],0.0,19,"[0.5, 0.1, 0.5, 0.1, 0.5, 0.1, 0.5, 0.5, 0.1, 0.1, 0.1, 0.1, 0.1, 0.1, 0.1, 0.1, 0.5, 0.1, 0.1]",0.22631578947368416,"[21.0, 5.0, 21.0, 5.0, 21.0, 5.0, 21.0, 21.0, 5.0, 5.0, 5.0, 5.0, 5.0, 5.0, 5.0, 5.0, 21.0, 5.0, 5.0]",10.052631578947368
198.99999999999298,6364,48.64826308466757,91.53687781435414,0.0,17.52454558870865,51.264022471905186,1992,4371,1,0,[],0.0,[],0.0,15,"[0.1, 0.1, 0.5, 0.5, 0.1, 0.1, 0.1, 0.1, 0.1, 0.1, 0.1, 0.1, 0.1, 0.1, 0.1]",0.15333333333333338,"[5.0, 5.0, 21.0, 21.0, 5.0, 5.0, 5.0, 5.0, 5.0, 5.0, 5.0, 5.0, 5.0, 5.0, 5.0]",7.133333333333334
199.99999999999292,6411,48.83046230279218,91.53687781435414,0.0,17.594775486930967,51.46843692983108,1998,4413,0,0,[],0.0,[],0.0,17,"[0.1, 0.1, 0.1, 0.1, 0.1, 0.1, 0.1, 0.1, 0.1, 0.1, 0.1, 0.1, 0.1, 0.1, 0.1, 0.1, 0.1]",0.1,"[5.0, 5.0, 5.0, 5.0, 5.0, 5.0, 5.0, 5.0, 5.0, 5.0, 5.0, 5.0, 5.0, 5.0, 5.0, 5.0, 5.0]",5.0
